gene,n_sites,n_events,n_perm,n_resolutions,null_draws_needing_relaxed_bl,sites_2plus_events_changed,null_mean_opportunity,convergent_sites,null_mean_convergent,obs_same_residue_rate,null_same_residue_rate,p_rate
CLOCK,841,10,2000,10,0,27,21.0,9,7.47,0.3333,0.3598,0.5997
NPAS2,814,10,2000,10,0,49,40.3,21,15.82,0.4286,0.39,0.3023
ARNTL,620,10,2000,10,0,2,2.5,1,1.46,0.5,0.5787,0.7226
PER1,1233,10,2000,10,2000,61,60.5,19,20.09,0.3115,0.3302,0.6277
PER2,1208,10,2000,10,2000,191,154.4,58,45.6,0.3037,0.2948,0.4178
PER3,897,8,2000,10,0,94,88.1,23,26.74,0.2447,0.3037,0.8591
CRY1,582,10,2000,10,639,19,24.2,10,11.88,0.5263,0.4977,0.4113
CRY2,592,10,2000,10,0,15,11.0,5,4.09,0.3333,0.3682,0.6572
NR1D1,610,10,2000,10,0,56,46.8,7,6.15,0.125,0.1332,0.5837
NR1D2,562,10,2000,10,0,14,10.8,4,3.59,0.2857,0.3258,0.625
RORA,466,9,2000,10,0,10,10.5,1,6.81,0.1,0.6254,0.954
RORB,459,10,2000,10,0,5,4.0,3,2.57,0.6,0.6331,0.6478
RORC,518,10,2000,10,0,36,39.0,6,11.93,0.1667,0.3065,0.9925
CSNK1D,401,10,2000,10,0,0,0.9,0,0.3,,0.3312,
CSNK1E,509,8,2000,10,0,33,27.7,20,15.7,0.6061,0.5673,0.2819
FBXL3,426,10,2000,10,0,6,5.4,1,1.74,0.1667,0.3299,0.8296
BHLHE40,407,10,2000,10,2052,22,26.4,10,10.68,0.4545,0.3907,0.2959
BHLHE41,582,10,2000,10,0,8,8.3,3,3.68,0.375,0.4446,0.6647
