Sites	Indel_prop	Indel_prop(ConvLeaves)	PCOC_V1	PC_V1	OC_V1
1	0.0333333333333	0.0	5.23696981016e-19	0.5	2.89091816681e-17
2	0.0333333333333	0.0	1.96664618721e-18	0.5	4.02401560515e-17
3	0.0333333333333	0.0	3.04475205853e-18	0.5	1.52228293257e-16
4	0.0333333333333	0.0	5.10005295326e-16	0.5	2.28603995397e-13
5	0.0333333333333	0.0	3.10176673847e-17	0.5	4.96312256242e-16
6	0.0333333333333	0.0	2.17559426919e-17	0.5	2.67991580695e-16
7	0.0333333333333	0.0	4.41212959847e-18	0.5	7.07795073091e-18
8	0.0333333333333	0.0	1.96588519579e-18	0.5	6.61239072321e-17
9	0.0333333333333	0.0	4.91692905148e-18	0.5	1.0702305886e-16
10	0.0333333333333	0.0	1.89002328758e-18	0.5	4.14032416246e-17
11	0.0166666666667	0.0		0.5	
12	0.0166666666667	0.0		0.5	
13	0.0166666666667	0.0		0.5	
14	0.0166666666667	0.0		0.5	
15	0.0166666666667	0.0	4.27554426855e-18	0.5	2.81965003865e-16
16	0.0166666666667	0.0		0.5	
17	0.0166666666667	0.0		0.5	
18	0.0166666666667	0.0		0.5	
19	0.0166666666667	0.0		0.5	
20	0.0166666666667	0.0	6.09552960032e-17	0.5	1.55979164159e-15
21	0.0166666666667	0.0	8.70919055139e-15	0.5	6.81763758079e-14
22	0.0166666666667	0.0		0.5	
23	0.0166666666667	0.0		0.5	
24	0.0333333333333	0.0		0.5	
25	0.0333333333333	0.0	8.63006928165e-18	0.5	2.34513295014e-16
26	0.0333333333333	0.0		0.5	
27	0.0166666666667	0.0		0.5	8.8643011379e-18
28	0.0166666666667	0.0		0.5	
29	0.0166666666667	0.0		0.5	
30	0.0166666666667	0.0	3.04916832324e-18	0.5	3.97959497579e-16
31	0.0166666666667	0.0		0.5	
32	0.0166666666667	0.0		0.5	
33	0.0166666666667	0.0	6.74111670639e-17	0.5	7.83326735867e-15
34	0.0166666666667	0.0		0.5	
35	0.0166666666667	0.0		0.5	4.63686148699e-17
36	0.0166666666667	0.0	1.1351535141e-17	0.5	1.09093323454e-16
37	0.0166666666667	0.0		0.5	
38	0.0166666666667	0.0		0.5	
39	0.0166666666667	0.0		0.5	
40	0.0166666666667	0.0		0.5	
41	0.0166666666667	0.0		0.5	
42	0.0166666666667	0.0		0.5	2.10435257685e-19
43	0.0166666666667	0.0		0.5	
44	0.0333333333333	0.0		0.5	
45	0.0333333333333	0.0	6.02380202604e-14	0.5	3.016846047e-12
46	0.0333333333333	0.0	6.22283497002e-19	0.5	2.32031999246e-18
47	0.0333333333333	0.0	2.03299260797e-18	0.5	2.73895582463e-17
48	0.0333333333333	0.0	4.27500934528e-22	0.5	2.39202303262e-21
49	0.0333333333333	0.0	5.19572226357e-21	0.5	2.1623599194e-20
50	0.0333333333333	0.0	1.07142562765e-12	0.5	5.25295461234e-12
51	0.0333333333333	0.0		0.5	
52	0.0333333333333	0.0		0.5	
53	0.0333333333333	0.0		0.5	
54	0.0333333333333	0.0		0.5	
55	0.0166666666667	0.0		0.5	
56	0.0166666666667	0.0		0.5	
57	0.0333333333333	0.0		0.5	
58	0.0333333333333	0.0		0.5	
59	0.0333333333333	0.0		0.5	
60	0.0333333333333	0.0		0.5	
61	0.0333333333333	0.0		0.5	3.52977492558e-17
62	0.0333333333333	0.0		0.5	5.76829762377e-19
63	0.0333333333333	0.0		0.5	9.26733018231e-18
64	0.0333333333333	0.0		0.5	
65	0.0333333333333	0.0	3.81448675658e-10	0.5	4.62865974079e-08
66	0.0333333333333	0.0		0.5	
67	0.0333333333333	0.0	1.72553280512e-14	0.5	1.42873853238e-13
68	0.0333333333333	0.0		0.5	
69	0.0333333333333	0.0		0.5	
70	0.0333333333333	0.0	1.24622838e-16	0.5	3.77824189027e-15
71	0.0333333333333	0.0	3.30450067852e-15	0.5	1.86296114156e-12
72	0.0333333333333	0.0		0.5	1.19992154747e-20
73	0.0333333333333	0.0	2.86469586138e-19	0.5	2.0148872393e-18
74	0.0333333333333	0.0	3.68581703272e-11	0.5	6.43855283302e-10
75	0.0333333333333	0.0		0.5	
76	0.0333333333333	0.0	3.89417114397e-16	0.5	3.06218557593e-15
77	0.0333333333333	0.0	2.67110874621e-15	0.5	2.06969322975e-14
78	0.0333333333333	0.0	2.54937945889e-17	0.5	2.24441468313e-16
79	0.05	0.0	3.65979504658e-18	0.5	4.95942572509e-17
80	0.05	0.0		0.5	
81	0.05	0.0		0.5	
82	0.05	0.0	4.17090160179e-11	0.5	3.12840125479e-10
83	0.0333333333333	0.0	3.10871161561e-17	0.5	8.1153210728e-16
84	0.0166666666667	0.0	7.64943528296e-17	0.5	2.28816448269e-15
85	0.0166666666667	0.0		0.5	
86	0.0166666666667	0.0		0.5	
87	0.0166666666667	0.0		0.5	
88	0.0166666666667	0.0		0.5	
89	0.0166666666667	0.0	2.13748035083e-17	0.5	4.15815788035e-16
90	0.0166666666667	0.0		0.5	
91	0.0166666666667	0.0	3.14843450513e-17	0.5	1.96153571892e-15
92	0.0166666666667	0.0	2.66908457478e-17	0.5	1.55223087571e-14
93	0.0166666666667	0.0		0.5	
94	0.0166666666667	0.0		0.5	
95	0.0166666666667	0.0	6.76025256468e-17	0.5	1.65019073175e-15
96	0.0166666666667	0.0	1.06233994524e-21	0.5	7.59275078336e-21
97	0.0166666666667	0.0	5.64312155374e-17	0.5	6.20570605294e-17
98	0.0166666666667	0.0	1.10718070964e-16	0.5	4.91244136519e-16
99	0.0166666666667	0.0	9.57069619436e-18	0.5	2.56197044468e-16
100	0.0166666666667	0.0	3.32380717427e-16	0.5	1.43283199347e-13
101	0.0166666666667	0.0		0.5	2.71948280587e-19
102	0.0166666666667	0.0		0.5	
103	0.0166666666667	0.0	1.15088699853e-14	0.5	1.06907030895e-12
104	0.0	0.0	6.38757371423e-15	0.5	6.79201356248e-12
105	0.0	0.0		0.5	
106	0.0	0.0		0.5	2.37036795317e-18
107	0.0	0.0		0.5	
108	0.0	0.0	9.30186968073e-17	0.5	9.55928134426e-15
109	0.0	0.0		0.5	
110	0.0	0.0		0.5	
111	0.0	0.0		0.5	
112	0.0	0.0		0.5	6.81833188686e-21
113	0.0	0.0	1.14495873576e-12	0.5	6.79728279121e-11
114	0.0	0.0		0.5	
115	0.0	0.0	4.25397768147e-17	0.5	5.75552178786e-16
116	0.0	0.0	3.84951671964e-18	0.5	2.34406990041e-16
117	0.0	0.0	2.7261764721e-17	0.5	2.05863817715e-16
118	0.0166666666667	0.0	2.3626201083e-12	0.5	1.34130641232e-11
119	0.0	0.0		0.5	
120	0.0	0.0		0.5	
121	0.0	0.0		0.5	
122	0.0	0.0		0.5	
123	0.0	0.0	5.243582188e-17	0.5	2.87986919975e-15
124	0.0	0.0		0.5	
125	0.0	0.0		0.5	
126	0.0	0.0		0.5	
127	0.0	0.0		0.5	
128	0.0	0.0		0.5	
129	0.0	0.0		0.5	
130	0.0	0.0		0.5	
131	0.0	0.0		0.5	
132	0.0	0.0		0.5	
133	0.0	0.0		0.5	
134	0.0	0.0		0.5	2.37036795317e-18
135	0.0	0.0		0.5	
136	0.0	0.0		0.5	
137	0.0	0.0		0.5	
138	0.0	0.0		0.5	
139	0.0	0.0		0.5	
140	0.0	0.0		0.5	
141	0.0	0.0		0.5	
142	0.0	0.0		0.5	
143	0.0	0.0		0.5	
144	0.0	0.0		0.5	
145	0.0	0.0		0.5	
146	0.0	0.0		0.5	
147	0.0	0.0		0.5	
148	0.0	0.0		0.5	
149	0.0	0.0		0.5	
150	0.0	0.0		0.5	
151	0.0	0.0		0.5	
152	0.0	0.0		0.5	
153	0.0	0.0		0.5	
154	0.0	0.0		0.5	
155	0.0	0.0		0.5	
156	0.0	0.0		0.5	
157	0.0	0.0		0.5	
158	0.0	0.0		0.5	
159	0.0	0.0		0.5	
160	0.0	0.0		0.5	
161	0.0	0.0		0.5	
162	0.0	0.0		0.5	
163	0.0	0.0		0.5	
164	0.0	0.0		0.5	
165	0.0	0.0		0.5	
166	0.0	0.0		0.5	
167	0.0	0.0		0.5	
168	0.0	0.0		0.5	
169	0.0	0.0		0.5	
170	0.0	0.0		0.5	
171	0.0	0.0	1.70952066514e-16	0.5	3.49204054255e-15
172	0.0	0.0		0.5	
173	0.0	0.0		0.5	
174	0.0	0.0		0.5	
175	0.0	0.0	1.09080594761e-16	0.5	2.39705690774e-14
176	0.0	0.0		0.5	
177	0.0	0.0		0.5	
178	0.0	0.0		0.5	
179	0.0	0.0		0.5	
180	0.0	0.0		0.5	
181	0.0	0.0		0.5	
182	0.0	0.0		0.5	
183	0.0	0.0		0.5	
184	0.0	0.0		0.5	
185	0.0	0.0		0.5	
186	0.0	0.0		0.5	
187	0.0	0.0		0.5	
188	0.0	0.0		0.5	
189	0.0	0.0		0.5	
190	0.0	0.0		0.5	
191	0.0	0.0		0.5	
192	0.0	0.0		0.5	
193	0.0	0.0		0.5	
194	0.0	0.0		0.5	
195	0.0	0.0		0.5	
196	0.0	0.0		0.5	
197	0.0	0.0		0.5	
198	0.0	0.0		0.5	2.37036795317e-18
199	0.0	0.0		0.5	
200	0.0	0.0		0.5	
201	0.0	0.0		0.5	
202	0.0	0.0		0.5	
203	0.0	0.0		0.5	
204	0.0	0.0		0.5	
205	0.0	0.0		0.5	
206	0.0	0.0		0.5	
207	0.0	0.0		0.5	
208	0.0	0.0		0.5	
209	0.0	0.0		0.5	
210	0.0	0.0		0.5	
211	0.0	0.0		0.5	
212	0.0	0.0		0.5	
213	0.0	0.0		0.5	
214	0.0	0.0		0.5	
215	0.0	0.0	8.75041045462e-18	0.5	1.53116807776e-15
216	0.0	0.0		0.5	
217	0.0	0.0		0.5	
218	0.0	0.0		0.5	
219	0.0	0.0		0.5	
220	0.0	0.0		0.5	
221	0.0	0.0		0.5	
222	0.0	0.0		0.5	
223	0.0	0.0		0.5	
224	0.0	0.0	8.75041045462e-18	0.5	1.53116807776e-15
225	0.0	0.0		0.5	
226	0.0	0.0		0.5	
227	0.0	0.0		0.5	
228	0.0	0.0	5.49678580836e-15	0.5	7.55583029406e-12
229	0.0	0.0		0.5	
230	0.0	0.0	2.89580775027e-17	0.5	6.15961430117e-16
231	0.0	0.0	1.79365090023e-19	0.5	4.69860770551e-19
232	0.0	0.0		0.5	
233	0.0	0.0	3.73660826422e-21	0.5	3.36193848519e-21
234	0.0	0.0	1.69099946782e-14	0.5	1.9376095408e-12
235	0.0	0.0	4.19019588131e-18	0.5	6.41747772001e-16
236	0.0	0.0	8.17195734358e-18	0.5	5.27979610547e-16
237	0.0	0.0	7.33975884261e-18	0.5	1.53612697872e-16
238	0.0	0.0	6.78353239957e-22	0.5	3.80024961874e-21
239	0.0	0.0	4.50944072786e-12	0.5	2.86205377532e-11
240	0.0	0.0	1.79795342045e-18	0.5	1.48056621978e-17
241	0.0	0.0	1.38934412888e-19	0.5	5.94637495398e-17
242	0.0	0.0		0.5	2.13469535752e-20
243	0.0	0.0	2.69719371883e-14	0.5	5.95756267167e-13
244	0.0	0.0	6.93492402896e-20	0.5	7.69736022423e-19
245	0.0	0.0		0.5	
246	0.0	0.0	1.97533555938e-16	0.5	1.08725467994e-15
247	0.0	0.0	1.5548167514e-14	0.5	1.66687274509e-11
248	0.0	0.0	5.92867376008e-19	0.5	2.62518137367e-18
249	0.0	0.0	5.29083415675e-21	0.5	1.78650985279e-20
250	0.0	0.0			
251	0.0	0.0			
252	0.0	0.0			
253	0.0	0.0			
254	0.0	0.0			
255	0.0	0.0			
256	0.0	0.0			
257	0.0166666666667	0.0			
258	0.0166666666667	0.0			
259	0.0166666666667	0.0			
260	0.0166666666667	0.0			
261	0.0166666666667	0.0			
262	0.0166666666667	0.0			
263	0.0166666666667	0.0			
264	0.0166666666667	0.0			
265	0.0166666666667	0.0			
266	0.0166666666667	0.0			
267	0.0166666666667	0.0			
268	0.0	0.0			
269	0.0	0.0			
270	0.0	0.0			
271	0.0	0.0			
272	0.0	0.0			
273	0.0	0.0			
274	0.0	0.0			
275	0.0	0.0			
276	0.0	0.0			
277	0.0	0.0			
278	0.0	0.0		0.5	
279	0.0	0.0		0.5	
280	0.0	0.0	9.13754834491e-22	0.5	6.80464429267e-21
281	0.0	0.0	1.70949961784e-16	0.5	4.54805524169e-15
282	0.0	0.0	8.30571792878e-16	0.5	7.78444489101e-15
283	0.0	0.0		0.5	
284	0.0	0.0		0.5	2.17942960607e-17
285	0.0	0.0		0.5	
286	0.0	0.0		0.5	
287	0.0	0.0		0.5	
288	0.0	0.0		0.5	7.99361372705e-20
289	0.0	0.0		0.5	
290	0.0	0.0	1.14072317436e-17	0.5	2.43792748288e-15
291	0.0	0.0		0.5	
292	0.0	0.0		0.5	
293	0.0	0.0		0.5	
294	0.0	0.0		0.5	
295	0.0	0.0		0.5	
296	0.0	0.0		0.5	
297	0.0	0.0		0.5	
298	0.0	0.0		0.5	1.81370859615e-18
299	0.0	0.0		0.5	
300	0.0	0.0	9.05270498615e-18	0.5	7.8319824541e-16
301	0.0	0.0		0.5	
302	0.0	0.0		0.5	2.17942960607e-17
303	0.0	0.0		0.5	3.06179822436e-17
304	0.0	0.0		0.5	
305	0.0166666666667	0.0909090909091		0.5	
306	0.0	0.0	2.25856379327e-16	0.5	2.22169787913e-14
307	0.0	0.0	1.37042768365e-16	0.5	1.87458917189e-15
308	0.0	0.0		0.5	3.97921029321e-21
309	0.0	0.0	3.36198906402e-18	0.5	1.15329940187e-17
310	0.0	0.0	1.42277684679e-18	0.5	9.9427993346e-17
311	0.0	0.0	4.50962118651e-16	0.5	2.14339636672e-15
312	0.0	0.0		0.5	
313	0.0	0.0	1.68239538964e-16	0.5	5.83595678528e-14
314	0.0	0.0		0.5	
315	0.0	0.0	1.34283922741e-12	0.5	1.17652616539e-11
316	0.0	0.0	1.98242206413e-12	0.5	5.8163728623e-10
317	0.0	0.0	3.60757697559e-15	0.5	6.60984525266e-14
318	0.0	0.0	8.78868758657e-17	0.5	2.8318014261e-15
319	0.0	0.0	5.18295497079e-14	0.5	5.26514719493e-13
320	0.0	0.0	7.97313373293e-21	0.5	8.15893403871e-20
321	0.0	0.0	8.70903879417e-21	0.5	2.12415662051e-20
322	0.0	0.0	4.23093639722e-16	0.5	1.11688668579e-13
323	0.0	0.0	1.00285662773e-17	0.5	1.97807716241e-16
324	0.0	0.0	2.01564584608e-12	0.5	1.64754589239e-11
325	0.0	0.0	8.59148371251e-21	0.5	3.45799174975e-20
326	0.0	0.0	1.94661181541e-19	0.5	8.69430773636e-17
327	0.0	0.0	8.75643756326e-12	0.5	4.67850378772e-12
328	0.0	0.0		0.5	
329	0.0	0.0	3.89314015103e-18	0.5	5.072787678e-16
330	0.0	0.0	3.3381738119e-14	0.5	6.04061893018e-15
331	0.0	0.0	6.40028493694e-19	0.5	1.94479382734e-18
332	0.0	0.0	2.68634880044e-18	0.5	1.81602120733e-17
333	0.0	0.0		0.5	
334	0.0	0.0		0.5	3.90765515683e-21
335	0.0	0.0	6.24429142749e-19	0.5	3.32290420051e-18
336	0.0	0.0	1.23028228927e-08	0.5	2.16260870288e-09
337	0.0166666666667	0.0		0.5	4.50818977861e-21
338	0.0	0.0	3.33422911386e-16	0.5	1.30672092413e-13
339	0.0	0.0		0.5	3.14181227453e-17
340	0.0	0.0	7.74604717635e-18	0.5	8.28695534827e-17
341	0.0	0.0	0.000193484999658	0.5	5.820293848e-06
342	0.0	0.0	3.4804131648e-18	0.5	2.02419964805e-18
343	0.0	0.0	1.14328433853e-17	0.5	5.29658561907e-16
344	0.0	0.0	7.51122888003e-16	0.5	1.16473052482e-14
345	0.0	0.0	3.10420691223e-19	0.5	2.75620766241e-18
346	0.0	0.0	8.5149983103e-19	0.5	8.47567413459e-17
347	0.0	0.0		0.5	
348	0.0166666666667	0.0		0.5	9.294622436e-17
349	0.0166666666667	0.0		0.5	
350	0.0166666666667	0.0	6.37671136069e-17	0.5	1.52859837199e-14
351	0.0	0.0	3.20220552139e-16	0.5	1.5417313594e-13
352	0.0	0.0		0.5	
353	0.0	0.0	7.36804363046e-18	0.5	1.69379890163e-17
354	0.0	0.0		0.5	
355	0.0	0.0	1.10501440319e-15	0.5	7.72918436979e-15
356	0.0	0.0	1.25934103799e-18	0.5	1.44196872287e-17
357	0.0	0.0	4.02132770515e-15	0.5	6.69589766214e-12
358	0.0166666666667	0.0909090909091	1.34357719185e-16	0.5	1.49317392134e-15
359	0.0166666666667	0.0909090909091	4.40379874535e-16	0.5	1.22463126244e-14
360	0.0	0.0	4.24502371779e-15	0.5	6.94723159633e-14
361	0.0	0.0		0.5	
362	0.0333333333333	0.0	1.30247208593e-16	0.5	4.20162594422e-16
363	0.0166666666667	0.0	5.78814408843e-21	0.5	2.64262358771e-20
364	0.0166666666667	0.0	3.47070638944e-12	0.5	2.29725871898e-10
365	0.0166666666667	0.0		0.5	
366	0.0166666666667	0.0	2.80917599505e-17	0.5	3.01070149904e-16
367	0.0333333333333	0.0	6.43097938302e-21	0.5	3.86668107653e-20
368	0.0166666666667	0.0	2.71455765152e-18	0.5	3.3555925069e-17
369	0.0166666666667	0.0	5.54034142923e-20	0.5	7.78767444729e-19
370	0.0166666666667	0.0	3.2955797954e-10	0.5	1.32528016401e-07
371	0.0166666666667	0.0	6.13777017961e-18	0.5	1.58817236937e-15
372	0.0166666666667	0.0		0.5	
373	0.0166666666667	0.0	1.21334834977e-16	0.5	6.25841366676e-16
374	0.0166666666667	0.0		0.5	
375	0.0	0.0	2.11482190218e-17	0.5	1.13811123562e-15
376	0.0	0.0	1.75369360871e-14	0.5	3.40046710921e-14
377	0.0	0.0	1.45771355636e-20	0.5	8.05647243111e-20
378	0.0	0.0		0.5	
379	0.0	0.0	6.66951274397e-17	0.5	1.82793774181e-15
380	0.0	0.0		0.5	
381	0.0	0.0		0.5	
382	0.0	0.0		0.5	
383	0.0	0.0		0.5	
384	0.0	0.0		0.5	
385	0.0	0.0		0.5	
386	0.0	0.0		0.5	1.90416138981e-21
387	0.0	0.0		0.5	7.60579939765e-18
388	0.0	0.0		0.5	
389	0.0	0.0	8.64011088817e-16	0.5	5.20779767338e-15
390	0.0	0.0		0.5	
391	0.0	0.0	7.27045175039e-18	0.5	1.68614277823e-17
392	0.0	0.0	6.93111801928e-16	0.5	5.65661762029e-14
393	0.0	0.0	5.83232136437e-15	0.5	6.48272316337e-14
394	0.0	0.0		0.5	
395	0.0	0.0	4.52231842285e-16	0.5	3.12585065984e-15
396	0.0	0.0	1.04852466317e-17	0.5	6.84505675646e-16
397	0.0	0.0	2.72553271275e-16	0.5	1.13098001859e-13
398	0.0	0.0	5.55859916644e-21	0.5	1.49444986581e-20
399	0.0	0.0	1.07295922308e-16	0.5	7.47072159934e-15
400	0.0	0.0	3.03118110497e-18	0.5	7.37681475989e-16
401	0.0	0.0	1.42075135623e-10	0.5	1.5314860841e-09
402	0.0	0.0	2.68384404675e-21	0.5	1.2035105496e-23
403	0.0	0.0	1.68618280671e-12	0.5	5.6422549065e-12
404	0.0	0.0		0.5	
405	0.0	0.0	4.71853233253e-18	0.5	2.23121383233e-17
406	0.0	0.0	1.41921566364e-17	0.5	9.67449792712e-16
407	0.0	0.0	7.36037680245e-17	0.5	2.07402516465e-15
408	0.0	0.0		0.5	
409	0.0	0.0		0.5	
410	0.0	0.0	3.557467805e-16	0.5	1.47850620145e-13
411	0.0	0.0		0.5	
412	0.0	0.0		0.5	
413	0.0	0.0	4.84166468639e-17	0.5	8.67521524001e-15
414	0.0166666666667	0.0		0.5	
415	0.0166666666667	0.0		0.5	
416	0.0166666666667	0.0		0.5	
417	0.0166666666667	0.0		0.5	
418	0.0166666666667	0.0		0.5	
419	0.0166666666667	0.0		0.5	
420	0.0166666666667	0.0		0.5	
421	0.0166666666667	0.0		0.5	
422	0.0166666666667	0.0		0.5	
423	0.0166666666667	0.0		0.5	2.32745094711e-13
424	0.0166666666667	0.0		0.5	
425	0.0166666666667	0.0		0.5	
426	0.0166666666667	0.0		0.5	
427	0.0166666666667	0.0		0.5	3.8151163753e-17
428	0.0166666666667	0.0		0.5	
429	0.0166666666667	0.0		0.5	1.00261183999e-19
430	0.0	0.0		0.5	
431	0.0	0.0		0.5	
432	0.0	0.0		0.5	
433	0.0166666666667	0.0		0.5	
434	0.0166666666667	0.0		0.5	2.53467784912e-17
435	0.0166666666667	0.0		0.5	
436	0.0166666666667	0.0		0.5	
437	0.0166666666667	0.0	3.04225611546e-20	0.5	2.07479454392e-17
438	0.0166666666667	0.0		0.5	
439	0.0166666666667	0.0		0.5	
440	0.0166666666667	0.0		0.5	
441	0.0166666666667	0.0		0.5	
442	0.0166666666667	0.0	3.0790696602e-17	0.5	1.26804885057e-14
443	0.0166666666667	0.0		0.5	
444	0.0166666666667	0.0		0.5	
445	0.0166666666667	0.0		0.5	
446	0.0166666666667	0.0		0.5	
447	0.0166666666667	0.0		0.5	
448	0.0166666666667	0.0		0.5	
449	0.0166666666667	0.0		0.5	
450	0.0166666666667	0.0	3.0790696602e-17	0.5	1.26804885057e-14
451	0.0166666666667	0.0		0.5	
452	0.0166666666667	0.0		0.5	
453	0.0166666666667	0.0		0.5	
454	0.0166666666667	0.0		0.5	
455	0.0166666666667	0.0		0.5	
456	0.0166666666667	0.0		0.5	
457	0.0166666666667	0.0	4.66872559601e-18	0.5	2.18604410948e-16
458	0.0166666666667	0.0		0.5	2.81235422244e-18
459	0.0166666666667	0.0		0.5	
460	0.0166666666667	0.0		0.5	
461	0.0166666666667	0.0		0.5	
462	0.0166666666667	0.0		0.5	
463	0.0166666666667	0.0		0.5	2.81235422244e-18
464	0.0166666666667	0.0		0.5	
465	0.0166666666667	0.0		0.5	
466	0.0166666666667	0.0	1.38284737929e-18	0.5	6.13228116475e-17
467	0.0166666666667	0.0		0.5	
468	0.0166666666667	0.0		0.5	
469	0.0166666666667	0.0		0.5	
470	0.0166666666667	0.0	3.0790696602e-17	0.5	1.26804885057e-14
471	0.0166666666667	0.0		0.5	
472	0.0166666666667	0.0		0.5	
473	0.0166666666667	0.0		0.5	
474	0.0166666666667	0.0		0.5	
475	0.0166666666667	0.0		0.5	
476	0.0166666666667	0.0		0.5	
477	0.0166666666667	0.0		0.5	
478	0.0166666666667	0.0		0.5	
479	0.0166666666667	0.0		0.5	
480	0.0166666666667	0.0		0.5	
481	0.0166666666667	0.0	3.0790696602e-17	0.5	1.26804885057e-14
482	0.0166666666667	0.0		0.5	
483	0.0166666666667	0.0		0.5	
484	0.0166666666667	0.0		0.5	
485	0.0166666666667	0.0		0.5	
486	0.0166666666667	0.0		0.5	
487	0.0166666666667	0.0		0.5	
488	0.0166666666667	0.0		0.5	4.61490954745e-17
489	0.0166666666667	0.0		0.5	2.72441879573e-19
490	0.0166666666667	0.0		0.5	
491	0.0166666666667	0.0		0.5	
492	0.0166666666667	0.0		0.5	
493	0.0166666666667	0.0		0.5	
494	0.0166666666667	0.0		0.5	
495	0.0166666666667	0.0		0.5	
496	0.0166666666667	0.0		0.5	
497	0.0166666666667	0.0		0.5	3.70076144558e-18
498	0.0166666666667	0.0		0.5	3.70076144558e-18
499	0.0166666666667	0.0		0.5	
500	0.0166666666667	0.0		0.5	
501	0.0166666666667	0.0		0.5	
502	0.0	0.0	1.39581214942e-19	0.5	4.61671258194e-19
503	0.0	0.0	3.31542394579e-18	0.5	8.04020566935e-16
504	0.0	0.0		0.5	
505	0.0	0.0	1.72134497885e-17	0.5	7.88731170934e-17
506	0.0	0.0	6.91370459374e-17	0.5	3.11308894124e-14
507	0.0	0.0		0.5	
508	0.0	0.0		0.5	
509	0.0	0.0	7.41487057674e-20	0.5	3.14219337331e-19
510	0.0	0.0		0.5	
511	0.0166666666667	0.0	1.88576431218e-17	0.5	1.10466120465e-16
512	0.0166666666667	0.0		0.5	
513	0.0166666666667	0.0		0.5	
514	0.0166666666667	0.0	4.0714327292e-15	0.5	1.5170758853e-14
515	0.0166666666667	0.0	8.04235943226e-17	0.5	2.1914919449e-14
516	0.0166666666667	0.0		0.5	
517	0.0166666666667	0.0		0.5	
518	0.0166666666667	0.0		0.5	2.53467784912e-17
519	0.0166666666667	0.0		0.5	
520	0.0166666666667	0.0		0.5	
521	0.0166666666667	0.0		0.5	
522	0.0166666666667	0.0		0.5	
523	0.0166666666667	0.0		0.5	
524	0.0166666666667	0.0	9.22990154121e-12	0.5	9.84862906812e-11
525	0.0166666666667	0.0		0.5	1.0596610582e-14
526	0.0166666666667	0.0		0.5	
527	0.0166666666667	0.0	8.25103133819e-17	0.5	3.71142607635e-15
528	0.0166666666667	0.0		0.5	
529	0.0166666666667	0.0		0.5	8.81973246063e-18
530	0.0166666666667	0.0		0.5	
531	0.0166666666667	0.0		0.5	
532	0.0166666666667	0.0		0.5	
533	0.0166666666667	0.0		0.5	
534	0.0166666666667	0.0		0.5	
535	0.0166666666667	0.0		0.5	
536	0.0166666666667	0.0		0.5	
537	0.0166666666667	0.0		0.5	
538	0.0166666666667	0.0	3.0790696602e-17	0.5	1.26804885057e-14
539	0.0166666666667	0.0		0.5	
540	0.0166666666667	0.0		0.5	
541	0.0166666666667	0.0		0.5	
542	0.0166666666667	0.0		0.5	
543	0.0166666666667	0.0		0.5	
544	0.0166666666667	0.0	3.0790696602e-17	0.5	1.26804885057e-14
545	0.0166666666667	0.0		0.5	1.78667928194e-16
546	0.0166666666667	0.0		0.5	
547	0.0166666666667	0.0		0.5	
548	0.0166666666667	0.0		0.5	
549	0.0166666666667	0.0	4.57293937668e-18	0.5	1.33060149318e-16
550	0.0166666666667	0.0		0.5	
551	0.0166666666667	0.0	3.73950071847e-18	0.5	1.07111712824e-15
552	0.0166666666667	0.0	2.49719379185e-17	0.5	3.15662236438e-16
553	0.0166666666667	0.0	7.48763761529e-17	0.5	4.65201415049e-15
554	0.0166666666667	0.0		0.5	
555	0.0166666666667	0.0		0.5	
556	0.0166666666667	0.0		0.5	
557	0.0166666666667	0.0	2.13601421377e-19	0.5	8.98515985318e-19
558	0.0166666666667	0.0		0.5	
559	0.0166666666667	0.0		0.5	
560	0.0333333333333	0.0		0.5	
561	0.0333333333333	0.0		0.5	
562	0.0333333333333	0.0		0.5	
563	0.0333333333333	0.0		0.5	
564	0.0333333333333	0.0		0.5	
565	0.0333333333333	0.0	1.39310978926e-16	0.5	5.11997695463e-14
566	0.0333333333333	0.0		0.5	
567	0.0333333333333	0.0		0.5	
568	0.0333333333333	0.0	2.60759577945e-16	0.5	3.345613221e-14
569	0.0333333333333	0.0		0.5	
570	0.0333333333333	0.0		0.5	
571	0.0333333333333	0.0		0.5	
572	0.0333333333333	0.0		0.5	
573	0.0333333333333	0.0		0.5	
574	0.0333333333333	0.0		0.5	
575	0.0333333333333	0.0		0.5	
576	0.0333333333333	0.0	9.09327102361e-17	0.5	2.51314479632e-16
577	0.0333333333333	0.0		0.5	
578	0.0333333333333	0.0		0.5	4.88688995579e-18
579	0.0333333333333	0.0		0.5	
580	0.0333333333333	0.0		0.5	
581	0.0333333333333	0.0		0.5	
582	0.0333333333333	0.0		0.5	
583	0.0333333333333	0.0		0.5	
584	0.0333333333333	0.0		0.5	
585	0.0333333333333	0.0		0.5	
586	0.0333333333333	0.0		0.5	
587	0.0333333333333	0.0		0.5	
588	0.0333333333333	0.0		0.5	
589	0.0333333333333	0.0		0.5	
590	0.0333333333333	0.0		0.5	3.35558502409e-18
591	0.0333333333333	0.0		0.5	
592	0.0333333333333	0.0		0.5	
593	0.0333333333333	0.0		0.5	1.02699092316e-17
594	0.0166666666667	0.0		0.5	
595	0.0166666666667	0.0		0.5	
596	0.0333333333333	0.0		0.5	
597	0.0333333333333	0.0		0.5	
598	0.0333333333333	0.0		0.5	
599	0.0333333333333	0.0		0.5	
600	0.0333333333333	0.0		0.5	
601	0.0333333333333	0.0		0.5	2.42543849629e-17
602	0.0333333333333	0.0		0.5	
603	0.0333333333333	0.0		0.5	
604	0.0333333333333	0.0		0.5	
605	0.0333333333333	0.0		0.5	
606	0.0166666666667	0.0		0.5	
607	0.0166666666667	0.0		0.5	
608	0.0333333333333	0.0		0.5	3.17294784763e-16
609	0.0333333333333	0.0	1.89593718979e-16	0.5	1.50557984267e-14
610	0.0166666666667	0.0	1.98083073873e-19	0.5	6.28151652028e-19
