gene,untrimmed_col,ref_residue,pcoc_posterior,tdg09_fdr,contrastfel_q,pcoc,tdg09,contrastfel,n_methods,high_confidence
ARNTL,159,36,0.0,0.000194,1,False,True,False,1,False
ARNTL,590,457,0.0,0.000128,1,False,True,False,1,False
ARNTL,705,554,0.0,0.000387,1,False,True,False,1,False
ARNTL,737,584,0.0,0.000129,1,False,True,False,1,False
BHLHE40,255,29,0.0,9.3e-05,1,False,True,False,1,False
BHLHE40,256,30,0.0,8.5e-05,1,False,True,False,1,False
BHLHE40,259,33,0.0,0.000114,1,False,True,False,1,False
BHLHE40,263,37,0.0,6.8e-05,1,False,True,False,1,False
BHLHE40,266,40,0.0,0.000128,1,False,True,False,1,False
BHLHE40,345,119,0.0,0.0,1,False,True,False,1,False
BHLHE40,361,135,0.0,1e-06,1,False,True,False,1,False
BHLHE40,363,137,0.0,8e-05,1,False,True,False,1,False
BHLHE40,373,147,0.0,7.3e-05,1,False,True,False,1,False
BHLHE40,419,192,0.0,0.0,1,False,True,False,1,False
BHLHE40,435,204,0.0,7.9e-05,1,False,True,False,1,False
BHLHE40,438,207,0.0,0.001764,1,False,True,False,1,False
BHLHE40,443,212,0.0,1e-06,1,False,True,False,1,False
BHLHE40,499,260,0.0,0.000727,1,False,True,False,1,False
BHLHE40,506,265,0.0,0.000703,1,False,True,False,1,False
BHLHE40,525,277,0.0,0.0,1,False,True,False,1,False
BHLHE40,537,287,0.0,9.7e-05,1,False,True,False,1,False
BHLHE40,543,292,0.0,0.0,1,False,True,False,1,False
BHLHE40,545,294,0.0,0.000208,1,False,True,False,1,False
BHLHE40,641,387,0.0,0.002226,1,False,True,False,1,False
BHLHE40,656,402,0.0,0.000102,1,False,True,False,1,False
BHLHE41,32,,0.0,0.000133,1,False,True,False,1,False
BHLHE41,46,,0.0,0.0,1,False,True,False,1,False
BHLHE41,47,,0.0,0.000142,1,False,True,False,1,False
BHLHE41,64,,0.0,0.000503,1,False,True,False,1,False
BHLHE41,65,,0.0,5.3e-05,1,False,True,False,1,False
BHLHE41,77,,0.0,0.000109,1,False,True,False,1,False
BHLHE41,96,,0.0,0.000118,1,False,True,False,1,False
BHLHE41,107,,0.0,0.000101,1,False,True,False,1,False
BHLHE41,115,,0.0,0.0,1,False,True,False,1,False
BHLHE41,128,,0.0,0.000132,1,False,True,False,1,False
BHLHE41,130,,0.0,0.000129,1,False,True,False,1,False
BHLHE41,157,25,0.0,7.9e-05,1,False,True,False,1,False
BHLHE41,327,194,0.0,0.000194,1,False,True,False,1,False
BHLHE41,331,,0.0,2.3e-05,1,False,True,False,1,False
BHLHE41,332,,0.0,0.000325,1,False,True,False,1,False
BHLHE41,341,197,0.0,1e-06,1,False,True,False,1,False
BHLHE41,395,199,0.0,0.000345,1,False,True,False,1,False
BHLHE41,398,202,0.0,6.5e-05,1,False,True,False,1,False
BHLHE41,412,207,0.0,0.000192,1,False,True,False,1,False
BHLHE41,413,208,0.0,0.000189,1,False,True,False,1,False
BHLHE41,422,216,0.0,0.003427,1,False,True,False,1,False
BHLHE41,467,253,0.0,2.1e-05,1,False,True,False,1,False
BHLHE41,473,256,0.0,0.000399,1,False,True,False,1,False
BHLHE41,475,258,0.0,0.000189,1,False,True,False,1,False
BHLHE41,509,284,0.0,0.00169,1,False,True,False,1,False
BHLHE41,539,293,0.0,7.5e-05,1,False,True,False,1,False
BHLHE41,589,338,0.0,0.000394,1,False,True,False,1,False
BHLHE41,607,352,0.0,8.3e-05,1,False,True,False,1,False
BHLHE41,627,370,0.0,0.000698,1,False,True,False,1,False
BHLHE41,637,379,0.0,8.9e-05,1,False,True,False,1,False
BHLHE41,651,393,0.0,7.1e-05,1,False,True,False,1,False
BHLHE41,709,441,0.0,9.5e-05,1,False,True,False,1,False
BHLHE41,723,447,0.0,0.001105,1,False,True,False,1,False
BHLHE41,730,451,0.0,0.00019,1,False,True,False,1,False
BHLHE41,751,465,0.0,0.0,1,False,True,False,1,False
BHLHE41,761,475,0.0,6e-06,1,False,True,False,1,False
BHLHE41,768,482,0.0,0.000274,1,False,True,False,1,False
CLOCK,10,8,0.0,0.00045,1,False,True,False,1,False
CLOCK,16,14,0.0,4.8e-05,1,False,True,False,1,False
CLOCK,19,17,0.0,9.1e-05,1,False,True,False,1,False
CLOCK,249,246,0.0,8.6e-05,1,False,True,False,1,False
CLOCK,401,398,0.0,0.0014,1,False,True,False,1,False
CLOCK,406,403,0.0,9.8e-05,1,False,True,False,1,False
CLOCK,491,475,0.0,0.000349,1,False,True,False,1,False
CLOCK,505,489,0.0,0.000114,1,False,True,False,1,False
CLOCK,506,490,0.0,0.0,1,False,True,False,1,False
CLOCK,514,498,0.0,0.000347,1,False,True,False,1,False
CLOCK,518,502,0.0,9.3e-05,1,False,True,False,1,False
CLOCK,525,509,0.0,0.000106,1,False,True,False,1,False
CLOCK,589,571,0.0,0.0,1,False,True,False,1,False
CLOCK,593,575,0.0,0.000137,1,False,True,False,1,False
CLOCK,600,582,0.0,0.00031,1,False,True,False,1,False
CLOCK,637,619,0.0,0.004509,1,False,True,False,1,False
CLOCK,638,620,0.0,0.000152,1,False,True,False,1,False
CLOCK,651,633,0.0,0.000196,1,False,True,False,1,False
CLOCK,654,635,0.0,0.000235,1,False,True,False,1,False
CLOCK,663,644,0.0,0.004386,1,False,True,False,1,False
CLOCK,751,728,0.0,0.000171,1,False,True,False,1,False
CLOCK,775,752,0.0,8.1e-05,1,False,True,False,1,False
CLOCK,777,754,0.0,0.001075,1,False,True,False,1,False
CLOCK,813,762,0.0,7.9e-05,1,False,True,False,1,False
CLOCK,872,814,0.0,0.0,1,False,True,False,1,False
CLOCK,874,816,0.0,0.000222,1,False,True,False,1,False
CLOCK,899,837,0.0,0.000125,1,False,True,False,1,False
CLOCK,900,838,0.0,0.0,1,False,True,False,1,False
CRY1,26,26,0.0,0.0,1,False,True,False,1,False
CRY1,29,29,0.0,0.000103,1,False,True,False,1,False
CRY1,175,175,0.0,0.0,1,False,True,False,1,False
CRY1,526,525,0.0,0.004913,1,False,True,False,1,False
CRY1,529,527,0.0,1.6e-05,1,False,True,False,1,False
CRY1,583,549,0.0,3.8e-05,1,False,True,False,1,False
CRY1,614,,0.0,0.000807,1,False,True,False,1,False
CRY1,615,553,0.0,8.9e-05,1,False,True,False,1,False
CRY1,634,572,0.0,0.0,0.291291,False,True,False,1,False
CRY2,39,11,0.0,0.000125,1,False,True,False,1,False
CRY2,60,18,0.0,0.00145,1,False,True,False,1,False
CRY2,83,41,0.0,0.000178,1,False,True,False,1,False
CRY2,115,73,0.0,0.000126,1,False,True,False,1,False
CRY2,116,74,0.0,0.000102,1,False,True,False,1,False
CRY2,117,75,0.0,9.6e-05,1,False,True,False,1,False
CRY2,118,76,0.0,0.000182,1,False,True,False,1,False
CRY2,120,78,0.0,0.000163,1,False,True,False,1,False
CRY2,121,79,0.0,9.1e-05,1,False,True,False,1,False
CRY2,122,80,0.0,0.000204,1,False,True,False,1,False
CRY2,123,81,0.0,6.1e-05,1,False,True,False,1,False
CRY2,124,82,0.0,7.1e-05,1,False,True,False,1,False
CRY2,126,84,0.0,0.000327,1,False,True,False,1,False
CRY2,127,85,0.0,7.8e-05,1,False,True,False,1,False
CRY2,128,86,0.0,7.4e-05,1,False,True,False,1,False
CRY2,131,89,0.0,0.000273,1,False,True,False,1,False
CRY2,132,90,0.0,8.6e-05,1,False,True,False,1,False
CRY2,134,92,0.0,8.2e-05,1,False,True,False,1,False
CRY2,135,93,0.0,0.000117,1,False,True,False,1,False
CRY2,136,94,0.0,0.000136,1,False,True,False,1,False
CRY2,137,95,0.0,0.003755,1,False,True,False,1,False
CRY2,138,96,0.0,6.3e-05,1,False,True,False,1,False
CRY2,143,100,0.0,9.5e-05,1,False,True,False,1,False
CRY2,144,101,0.0,8e-05,1,False,True,False,1,False
CRY2,145,102,0.0,0.000109,1,False,True,False,1,False
CRY2,173,130,0.0,0.000129,1,False,True,False,1,False
CRY2,202,159,0.0,0.000645,1,False,True,False,1,False
CRY2,259,196,0.0,1.6e-05,1,False,True,False,1,False
CRY2,272,209,0.0,6.8e-05,1,False,True,False,1,False
CRY2,315,252,0.0,6.5e-05,1,False,True,False,1,False
CRY2,520,457,0.0,0.000199,1,False,True,False,1,False
CRY2,569,506,0.0,0.000149,1,False,True,False,1,False
CRY2,594,531,0.0,7.1e-05,1,False,True,False,1,False
CRY2,603,538,0.0,0.000845,1,False,True,False,1,False
CRY2,610,545,0.0,0.000485,1,False,True,False,1,False
CRY2,655,584,0.0,0.000234,1,False,True,False,1,False
CRY2,661,589,0.0,0.0,1,False,True,False,1,False
CSNK1D,475,243,0.0,3.1e-05,1,False,True,False,1,False
CSNK1D,552,318,0.0,9.3e-05,1,False,True,False,1,False
CSNK1D,557,323,0.0,4.6e-05,1,False,True,False,1,False
CSNK1E,316,316,0.0,0.033585,1,False,True,False,1,False
CSNK1E,319,319,0.0,0.037194,1,False,True,False,1,False
CSNK1E,320,320,0.0,0.037937,1,False,True,False,1,False
CSNK1E,345,344,0.0,1.8e-05,0.568642,False,True,False,1,False
CSNK1E,368,,0.0,0.000101,1,False,True,False,1,False
CSNK1E,371,,0.0,8.3e-05,1,False,True,False,1,False
CSNK1E,372,,0.0,0.001436,1,False,True,False,1,False
CSNK1E,376,,0.0,0.000142,1,False,True,False,1,False
CSNK1E,381,,0.0,1.1e-05,1,False,True,False,1,False
CSNK1E,389,368,0.0,0.002486,1,False,True,False,1,False
CSNK1E,392,371,0.0,0.011185,1,False,True,False,1,False
CSNK1E,396,375,0.0,0.001419,1,False,True,False,1,False
CSNK1E,398,377,0.0,0.04381,1,False,True,False,1,False
CSNK1E,403,381,0.0,0.0,0.666296,False,True,False,1,False
CSNK1E,406,384,0.0,0.0,0.665279,False,True,False,1,False
CSNK1E,409,387,0.0,0.036318,1,False,True,False,1,False
CSNK1E,411,389,0.0,6e-06,1,False,True,False,1,False
CSNK1E,427,,0.0,0.001891,1,False,True,False,1,False
CSNK1E,430,,0.0,0.0,1,False,True,False,1,False
CSNK1E,431,,0.0,0.0,1,False,True,False,1,False
CSNK1E,435,,0.0,0.004088,1,False,True,False,1,False
CSNK1E,438,396,0.0,0.0,0.640472,False,True,False,1,False
CSNK1E,445,,0.0,0.000153,1,False,True,False,1,False
CSNK1E,456,,0.0,7.9e-05,0.654238,False,True,False,1,False
CSNK1E,469,,0.0,0.000341,1,False,True,False,1,False
CSNK1E,472,,0.0,9e-05,1,False,True,False,1,False
CSNK1E,479,,0.0,5.6e-05,1,False,True,False,1,False
CSNK1E,481,,0.0,0.0,1,False,True,False,1,False
CSNK1E,485,,0.0,0.010414,1,False,True,False,1,False
CSNK1E,491,,0.0,0.000236,0.865017,False,True,False,1,False
CSNK1E,493,,0.0,7.1e-05,1,False,True,False,1,False
CSNK1E,494,,0.0,7.8e-05,1,False,True,False,1,False
CSNK1E,495,,0.0,8.6e-05,0.995204,False,True,False,1,False
CSNK1E,499,,0.0,5.4e-05,1,False,True,False,1,False
CSNK1E,500,,0.0,0.001904,1,False,True,False,1,False
CSNK1E,503,,0.0,0.000239,1,False,True,False,1,False
CSNK1E,505,403,0.0,0.0,1,False,True,False,1,False
CSNK1E,506,404,0.0,9.6e-05,1,False,True,False,1,False
CSNK1E,510,408,0.0,0.0,0.598909,False,True,False,1,False
CSNK1E,514,412,0.0,0.034302,1,False,True,False,1,False
CSNK1E,515,413,0.0,0.032886,1,False,True,False,1,False
CSNK1E,519,,0.0,0.000138,1,False,True,False,1,False
CSNK1E,520,,0.0,0.0,1,False,True,False,1,False
CSNK1E,522,,0.0,0.001788,1,False,True,False,1,False
CSNK1E,523,,0.0,6.7e-05,1,False,True,False,1,False
CSNK1E,525,,0.0,6.4e-05,1,False,True,False,1,False
CSNK1E,528,,0.0,6.1e-05,1,False,True,False,1,False
CSNK1E,529,,0.0,5.9e-05,1,False,True,False,1,False
CSNK1E,533,,0.0,0.000142,1,False,True,False,1,False
CSNK1E,537,,0.0,8.4e-05,1,False,True,False,1,False
CSNK1E,538,,0.0,7.5e-05,1,False,True,False,1,False
CSNK1E,539,,0.0,0.000439,0.650755,False,True,False,1,False
FBXL3,19,7,0.0,0.037165,1,False,True,False,1,False
FBXL3,20,8,0.0,5.3e-05,1,False,True,False,1,False
FBXL3,31,17,0.0,0.0,1,False,True,False,1,False
FBXL3,33,19,0.0,6.6e-05,1,False,True,False,1,False
FBXL3,34,20,0.0,0.0,1,False,True,False,1,False
FBXL3,35,21,0.0,0.0,1,False,True,False,1,False
FBXL3,44,30,0.0,0.004557,1,False,True,False,1,False
NPAS2,264,73,0.0,7.6e-05,0.617088,False,True,False,1,False
NPAS2,288,97,0.0,0.044752,1,False,True,False,1,False
NPAS2,292,101,0.0,6.2e-05,0.818501,False,True,False,1,False
NPAS2,294,103,0.0,7.3e-05,0.816936,False,True,False,1,False
NPAS2,340,149,0.0,9.7e-05,1,False,True,False,1,False
NPAS2,345,154,0.0,8.5e-05,1,False,True,False,1,False
NPAS2,400,204,0.0,0.000237,0.798134,False,True,False,1,False
NPAS2,411,215,0.0,7.1e-05,0.944551,False,True,False,1,False
NPAS2,414,218,0.0,0.001924,0.929691,False,True,False,1,False
NPAS2,555,348,0.0,0.000118,1,False,True,False,1,False
NPAS2,556,349,0.0,2e-06,1,False,True,False,1,False
NPAS2,598,386,0.0,6.3e-05,0.862213,False,True,False,1,False
NPAS2,603,391,0.0,0.002211,0.794862,False,True,False,1,False
NPAS2,612,400,0.0,0.0,0.869985,False,True,False,1,False
NPAS2,635,423,0.0,1.3e-05,1,False,True,False,1,False
NPAS2,646,434,0.0,0.001094,1,False,True,False,1,False
NPAS2,647,435,0.0,0.000692,0.962718,False,True,False,1,False
NPAS2,649,437,0.0,0.00045,0.963072,False,True,False,1,False
NPAS2,651,439,0.0,0.000146,0.811204,False,True,False,1,False
NPAS2,665,453,0.0,9.7e-05,1,False,True,False,1,False
NPAS2,666,454,0.0,0.0,0.946342,False,True,False,1,False
NPAS2,677,465,0.0,0.00086,1,False,True,False,1,False
NPAS2,682,470,0.0,0.0,0.907223,False,True,False,1,False
NPAS2,683,471,0.0,0.000228,0.61949,False,True,False,1,False
NPAS2,778,542,0.0,8e-06,1,False,True,False,1,False
NPAS2,796,548,0.0,0.000113,0.882127,False,True,False,1,False
NPAS2,798,550,0.0,6.1e-05,0.812642,False,True,False,1,False
NPAS2,799,551,0.0,9.4e-05,1,False,True,False,1,False
NPAS2,815,565,0.0,0.000231,1,False,True,False,1,False
NPAS2,817,567,0.0,8.1e-05,0.622479,False,True,False,1,False
NPAS2,828,576,0.0,0.000855,0.91638,False,True,False,1,False
NPAS2,832,580,0.0,0.000151,0.989679,False,True,False,1,False
NPAS2,833,581,0.0,0.0,0.966064,False,True,False,1,False
NPAS2,835,583,0.0,0.0,1,False,True,False,1,False
NPAS2,844,592,0.0,6.8e-05,0.883443,False,True,False,1,False
NPAS2,859,606,0.0,1.4e-05,0.848015,False,True,False,1,False
NPAS2,867,612,0.0,5.1e-05,0.803581,False,True,False,1,False
NPAS2,868,613,0.0,8.8e-05,0.910624,False,True,False,1,False
NPAS2,875,620,0.0,0.0,1,False,True,False,1,False
NPAS2,885,627,0.0,0.0,0.82441,False,True,False,1,False
NPAS2,886,628,0.0,0.001336,1,False,True,False,1,False
NPAS2,893,635,0.0,8e-06,1,False,True,False,1,False
NPAS2,897,639,0.0,0.000155,1,False,True,False,1,False
NPAS2,898,640,0.0,0.0,0.651256,False,True,False,1,False
NPAS2,901,643,0.0,0.000693,1,False,True,False,1,False
NPAS2,909,649,0.0,1e-06,1,False,True,False,1,False
NPAS2,910,650,0.0,0.000155,1,False,True,False,1,False
NPAS2,918,658,0.0,0.000362,1,False,True,False,1,False
NPAS2,946,686,0.0,5.3e-05,0.793167,False,True,False,1,False
NPAS2,969,708,0.0,0.000153,0.954008,False,True,False,1,False
NPAS2,972,711,0.0,0.003568,1,False,True,False,1,False
NPAS2,980,719,0.0,0.0,1,False,True,False,1,False
NPAS2,982,721,0.0,0.0,1,False,True,False,1,False
NPAS2,986,725,0.0,1e-06,1,False,True,False,1,False
NPAS2,989,727,0.0,0.000452,0.634085,False,True,False,1,False
NPAS2,995,733,0.0,8.2e-05,0.836233,False,True,False,1,False
NPAS2,1002,736,0.0,0.000101,0.989425,False,True,False,1,False
NPAS2,1003,737,0.0,5.2e-05,0.809979,False,True,False,1,False
NPAS2,1004,738,0.0,0.000436,1,False,True,False,1,False
NPAS2,1005,739,0.0,8e-05,0.878945,False,True,False,1,False
NPAS2,1006,740,0.0,0.000438,0.99891,False,True,False,1,False
NPAS2,1015,746,0.0,0.000234,0.686329,False,True,False,1,False
NPAS2,1019,750,0.0,0.000105,0.99832,False,True,False,1,False
NPAS2,1023,754,0.0,0.0,1,False,True,False,1,False
NPAS2,1037,766,0.0,6.5e-05,1,False,True,False,1,False
NPAS2,1041,770,0.0,5.4e-05,1,False,True,False,1,False
NPAS2,1043,772,0.0,6e-05,0.908102,False,True,False,1,False
NPAS2,1044,773,0.0,0.000347,1,False,True,False,1,False
NPAS2,1045,774,0.0,5.8e-05,0.968553,False,True,False,1,False
NPAS2,1049,778,0.0,7.2e-05,1,False,True,False,1,False
NPAS2,1050,779,0.0,7e-05,0.986374,False,True,False,1,False
NPAS2,1051,780,0.0,0.0,1,False,True,False,1,False
NPAS2,1052,781,0.0,5.7e-05,0.613215,False,True,False,1,False
NPAS2,1054,783,0.0,0.000232,0.928312,False,True,False,1,False
NPAS2,1056,785,0.0,9.8e-05,1,False,True,False,1,False
NPAS2,1059,788,0.0,0.029258,0.75382,False,True,False,1,False
NPAS2,1065,794,0.0,0.0,1,False,True,False,1,False
NPAS2,1085,801,0.0,7.8e-05,0.993333,False,True,False,1,False
NPAS2,1086,802,0.0,0.000233,0.822175,False,True,False,1,False
NPAS2,1087,803,0.0,0.0,1,False,True,False,1,False
NPAS2,1088,804,0.0,0.000879,1,False,True,False,1,False
NPAS2,1089,805,0.0,7.4e-05,1,False,True,False,1,False
NPAS2,1090,806,0.0,9.1e-05,0.931425,False,True,False,1,False
NPAS2,1097,809,0.0,5.6e-05,0.829095,False,True,False,1,False
NPAS2,1100,812,0.0,0.000731,0.800647,False,True,False,1,False
NPAS2,1108,816,0.0,5.9e-05,1,False,True,False,1,False
NPAS2,1111,819,0.0,6.8e-05,0.605687,False,True,False,1,False
NPAS2,1112,820,0.0,6.6e-05,1,False,True,False,1,False
NPAS2,1113,821,0.0,0.000109,0.612279,False,True,False,1,False
NR1D1,41,1,0.0,0.000236,1,False,True,False,1,False
NR1D1,44,4,0.0,0.0,1,False,True,False,1,False
NR1D1,136,36,0.0,0.021667,1,False,True,False,1,False
NR1D1,143,43,0.0,0.000101,1,False,True,False,1,False
NR1D1,147,47,0.0,9.6e-05,1,False,True,False,1,False
NR1D1,171,70,0.0,0.000243,1,False,True,False,1,False
NR1D1,172,71,0.0,0.0,1,False,True,False,1,False
NR1D1,217,107,0.0,0.00014,1,False,True,False,1,False
NR1D1,233,116,0.0,0.0,1,False,True,False,1,False
NR1D1,237,120,0.0,9.3e-05,1,False,True,False,1,False
NR1D1,358,240,0.0,0.000124,1,False,True,False,1,False
NR1D1,366,247,0.0,8.9e-05,1,False,True,False,1,False
NR1D1,380,259,0.0,9.2e-05,1,False,True,False,1,False
NR1D1,388,267,0.0,0.000112,1,False,True,False,1,False
NR1D1,438,314,0.0,0.04964,1,False,True,False,1,False
NR1D1,442,318,0.0,0.0,1,False,True,False,1,False
NR1D1,447,322,0.0,0.0,1,False,True,False,1,False
NR1D1,451,325,0.0,0.049907,1,False,True,False,1,False
NR1D1,453,327,0.0,0.0,1,False,True,False,1,False
NR1D1,456,329,0.0,0.000807,1,False,True,False,1,False
NR1D1,489,360,0.0,0.001172,1,False,True,False,1,False
NR1D1,509,379,0.0,8e-05,1,False,True,False,1,False
NR1D1,531,395,0.0,5.9e-05,1,False,True,False,1,False
NR1D1,535,399,0.0,0.000219,1,False,True,False,1,False
NR1D1,539,402,0.0,0.009386,1,False,True,False,1,False
NR1D1,547,410,0.0,0.000597,1,False,True,False,1,False
NR1D1,573,427,0.0,8.6e-05,1,False,True,False,1,False
NR1D1,607,461,0.0,0.035536,1,False,True,False,1,False
NR1D2,66,36,0.0,7e-06,1,False,True,False,1,False
NR1D2,67,37,0.0,0.000451,1,False,True,False,1,False
NR1D2,77,47,0.0,7.6e-05,1,False,True,False,1,False
NR1D2,79,48,0.0,0.000529,1,False,True,False,1,False
NR1D2,94,63,0.0,2.2e-05,1,False,True,False,1,False
NR1D2,103,72,0.0,0.001304,1,False,True,False,1,False
NR1D2,113,82,0.0,0.0,1,False,True,False,1,False
NR1D2,115,84,0.0,0.0,1,False,True,False,1,False
NR1D2,117,86,0.0,0.0,1,False,True,False,1,False
NR1D2,120,89,0.0,0.000415,1,False,True,False,1,False
NR1D2,244,196,0.0,5e-05,1,False,True,False,1,False
NR1D2,248,200,0.0,8e-05,1,False,True,False,1,False
NR1D2,251,203,0.0,4.8e-05,1,False,True,False,1,False
NR1D2,256,208,0.0,4.6e-05,1,False,True,False,1,False
NR1D2,275,227,0.0,7.1e-05,1,False,True,False,1,False
NR1D2,283,235,0.0,0.000197,1,False,True,False,1,False
NR1D2,286,238,0.0,0.018864,1,False,True,False,1,False
NR1D2,299,251,0.0,3.9e-05,1,False,True,False,1,False
NR1D2,326,278,0.0,2e-06,1,False,True,False,1,False
NR1D2,327,279,0.0,0.0,1,False,True,False,1,False
NR1D2,343,295,0.0,0.000202,1,False,True,False,1,False
NR1D2,344,296,0.0,5.8e-05,1,False,True,False,1,False
NR1D2,347,299,0.0,6e-05,1,False,True,False,1,False
NR1D2,349,301,0.0,9.4e-05,1,False,True,False,1,False
NR1D2,350,302,0.0,0.00012,1,False,True,False,1,False
NR1D2,353,305,0.0,4.2e-05,1,False,True,False,1,False
NR1D2,361,312,0.0,0.000124,1,False,True,False,1,False
NR1D2,364,315,0.0,6.7e-05,1,False,True,False,1,False
NR1D2,365,316,0.0,0.034713,1,False,True,False,1,False
NR1D2,371,321,0.0,9.3e-05,1,False,True,False,1,False
NR1D2,372,322,0.0,8.1e-05,1,False,True,False,1,False
NR1D2,376,326,0.0,0.000239,1,False,True,False,1,False
NR1D2,377,327,0.0,0.011351,1,False,True,False,1,False
NR1D2,390,340,0.0,6.4e-05,1,False,True,False,1,False
NR1D2,395,345,0.0,5.5e-05,1,False,True,False,1,False
NR1D2,401,351,0.0,1e-05,1,False,True,False,1,False
NR1D2,404,354,0.0,5.3e-05,1,False,True,False,1,False
NR1D2,408,358,0.0,0.0,1,False,True,False,1,False
NR1D2,409,359,0.0,8.6e-05,1,False,True,False,1,False
NR1D2,410,360,0.0,0.003125,1,False,True,False,1,False
NR1D2,411,361,0.0,2e-06,1,False,True,False,1,False
NR1D2,422,372,0.0,5.3e-05,1,False,True,False,1,False
NR1D2,426,376,0.0,4e-05,1,False,True,False,1,False
NR1D2,428,378,0.0,4.5e-05,1,False,True,False,1,False
NR1D2,573,522,0.0,4.3e-05,1,False,True,False,1,False
PER1,157,1,0.0,6.5e-05,1,False,True,False,1,False
PER1,159,3,0.0,0.006595,1,False,True,False,1,False
PER1,161,5,0.0,0.000164,1,False,True,False,1,False
PER1,163,7,0.0,6.7e-05,1,False,True,False,1,False
PER1,165,9,0.0,0.000513,1,False,True,False,1,False
PER1,179,21,0.0,0.0,1,False,True,False,1,False
PER1,180,22,0.0,0.000121,1,False,True,False,1,False
PER1,275,116,0.0,7.6e-05,1,False,True,False,1,False
PER1,340,181,0.0,7.4e-05,1,False,True,False,1,False
PER1,353,194,0.0,4.1e-05,1,False,True,False,1,False
PER1,374,215,0.0,8.1e-05,1,False,True,False,1,False
PER1,448,289,0.0,0.0,1,False,True,False,1,False
PER1,466,307,0.0,5.8e-05,1,False,True,False,1,False
PER1,486,327,0.0,5.8e-05,1,False,True,False,1,False
PER1,490,331,0.0,9.5e-05,1,False,True,False,1,False
PER1,649,464,0.0,6.9e-05,1,False,True,False,1,False
PER1,664,477,0.0,0.002541,1,False,True,False,1,False
PER1,670,481,0.0,0.000248,1,False,True,False,1,False
PER1,726,505,0.0,9.6e-05,1,False,True,False,1,False
PER1,728,507,0.0,0.000216,1,False,True,False,1,False
PER1,730,509,0.0,0.000165,1,False,True,False,1,False
PER1,731,510,0.0,6.1e-05,1,False,True,False,1,False
PER1,736,515,0.0,0.000778,1,False,True,False,1,False
PER1,737,516,0.0,0.0,1,False,True,False,1,False
PER1,739,518,0.0,8.6e-05,1,False,True,False,1,False
PER1,743,522,0.0,0.000203,1,False,True,False,1,False
PER1,754,533,0.0,6.6e-05,1,False,True,False,1,False
PER1,762,541,0.0,9.9e-05,1,False,True,False,1,False
PER1,791,570,0.0,0.014358,1,False,True,False,1,False
PER1,795,574,0.0,1e-06,1,False,True,False,1,False
PER1,808,582,0.0,8.4e-05,1,False,True,False,1,False
PER1,818,592,0.0,0.000465,1,False,True,False,1,False
PER1,826,600,0.0,0.0,1,False,True,False,1,False
PER1,827,601,0.0,4.9e-05,1,False,True,False,1,False
PER1,828,602,0.0,0.000236,1,False,True,False,1,False
PER1,833,606,0.0,0.0,1,False,True,False,1,False
PER1,839,609,0.0,0.000441,1,False,True,False,1,False
PER1,840,610,0.0,0.0,1,False,True,False,1,False
PER1,842,612,0.0,7.9e-05,1,False,True,False,1,False
PER1,849,619,0.0,9.3e-05,1,False,True,False,1,False
PER1,851,621,0.0,6.9e-05,1,False,True,False,1,False
PER1,965,671,0.0,8.3e-05,1,False,True,False,1,False
PER1,979,684,0.0,0.019633,1,False,True,False,1,False
PER1,989,692,0.0,0.0,1,False,True,False,1,False
PER1,999,701,0.0,6e-05,1,False,True,False,1,False
PER1,1034,736,0.0,5.9e-05,1,False,True,False,1,False
PER1,1071,769,0.0,0.000187,1,False,True,False,1,False
PER1,1098,796,0.0,0.000165,1,False,True,False,1,False
PER1,1103,801,0.0,7.7e-05,1,False,True,False,1,False
PER1,1110,808,0.0,0.0,1,False,True,False,1,False
PER1,1111,809,0.0,0.0,1,False,True,False,1,False
PER1,1117,815,0.0,5.4e-05,1,False,True,False,1,False
PER1,1119,817,0.0,8.8e-05,1,False,True,False,1,False
PER1,1125,823,0.0,0.000555,1,False,True,False,1,False
PER1,1151,848,0.0,0.0,1,False,True,False,1,False
PER1,1155,852,0.0,0.00018,1,False,True,False,1,False
PER1,1161,858,0.0,7.2e-05,1,False,True,False,1,False
PER1,1168,864,0.0,0.00069,1,False,True,False,1,False
PER1,1190,883,0.0,7.4e-05,1,False,True,False,1,False
PER1,1192,885,0.0,7e-05,1,False,True,False,1,False
PER1,1200,892,0.0,5.7e-05,1,False,True,False,1,False
PER1,1202,894,0.0,1.2e-05,1,False,True,False,1,False
PER1,1204,896,0.0,5.3e-05,1,False,True,False,1,False
PER1,1205,897,0.0,4.7e-05,1,False,True,False,1,False
PER1,1206,898,0.0,6.5e-05,1,False,True,False,1,False
PER1,1215,907,0.0,8.5e-05,1,False,True,False,1,False
PER1,1238,930,0.0,0.0,1,False,True,False,1,False
PER1,1245,936,0.0,2e-06,1,False,True,False,1,False
PER1,1248,939,0.0,0.001225,1,False,True,False,1,False
PER1,1261,952,0.0,1e-06,1,False,True,False,1,False
PER1,1278,969,0.0,5.9e-05,1,False,True,False,1,False
PER1,1310,1001,0.0,0.0,1,False,True,False,1,False
PER1,1313,1004,0.0,0.0,1,False,True,False,1,False
PER1,1327,1017,0.0,0.0,1,False,True,False,1,False
PER1,1331,1021,0.0,6.2e-05,1,False,True,False,1,False
PER1,1345,1035,0.0,9e-05,1,False,True,False,1,False
PER1,1398,1079,0.0,6.3e-05,1,False,True,False,1,False
PER1,1488,1165,0.0,0.0,1,False,True,False,1,False
PER1,1519,1196,0.0,5.5e-05,1,False,True,False,1,False
PER1,1532,1209,0.0,3e-06,1,False,True,False,1,False
PER1,1534,1211,0.0,0.00062,1,False,True,False,1,False
PER1,1536,1213,0.0,7.5e-05,1,False,True,False,1,False
PER1,1545,1222,0.0,5.6e-05,1,False,True,False,1,False
PER1,1546,1223,0.0,0.000247,1,False,True,False,1,False
PER1,1608,1262,0.0,0.001162,1,False,True,False,1,False
PER1,1614,1266,0.0,0.009408,1,False,True,False,1,False
PER1,1627,1279,0.0,0.000329,1,False,True,False,1,False
PER1,1631,1283,0.0,6.5e-05,0.848866,False,True,False,1,False
PER1,1636,1287,0.0,0.0,1,False,True,False,1,False
PER1,1638,1289,0.0,0.0,1,False,True,False,1,False
PER2,141,2,0.0,0.000625,1,False,True,False,1,False
PER2,145,5,0.0,0.018728,1,False,True,False,1,False
PER2,147,7,0.0,0.001257,1,False,True,False,1,False
PER2,150,10,0.0,0.00114,1,False,True,False,1,False
PER2,155,15,0.0,0.0,1,False,True,False,1,False
PER2,166,25,0.0,0.023609,1,False,True,False,1,False
PER2,167,26,0.0,0.0,1,False,True,False,1,False
PER2,174,32,0.0,7.5e-05,1,False,True,False,1,False
PER2,175,33,0.0,6.7e-05,1,False,True,False,1,False
PER2,177,35,0.0,6.2e-05,1,False,True,False,1,False
PER2,183,41,0.0,6.7e-05,1,False,True,False,1,False
PER2,190,48,0.0,0.000564,1,False,True,False,1,False
PER2,195,53,0.0,6e-05,1,False,True,False,1,False
PER2,207,63,0.0,0.0,1,False,True,False,1,False
PER2,211,67,0.0,0.0,1,False,True,False,1,False
PER2,213,69,0.0,0.0,1,False,True,False,1,False
PER2,215,71,0.0,0.0,1,False,True,False,1,False
PER2,231,84,0.0,5.2e-05,1,False,True,False,1,False
PER2,232,85,0.0,2.3e-05,1,False,True,False,1,False
PER2,240,93,0.0,5.1e-05,1,False,True,False,1,False
PER2,241,94,0.0,0.000688,1,False,True,False,1,False
PER2,249,102,0.0,6.7e-05,1,False,True,False,1,False
PER2,271,124,0.0,2e-06,1,False,True,False,1,False
PER2,274,127,0.0,5.4e-05,1,False,True,False,1,False
PER2,287,140,0.0,5.4e-05,1,False,True,False,1,False
PER2,298,151,0.0,0.000242,1,False,True,False,1,False
PER2,306,159,0.0,0.0,1,False,True,False,1,False
PER2,308,161,0.0,0.001483,1,False,True,False,1,False
PER2,316,169,0.0,1e-06,1,False,True,False,1,False
PER2,323,176,0.0,7e-06,1,False,True,False,1,False
PER2,326,179,0.0,5.1e-05,1,False,True,False,1,False
PER2,335,188,0.0,6.8e-05,1,False,True,False,1,False
PER2,338,191,0.0,4.9e-05,1,False,True,False,1,False
PER2,356,209,0.0,0.006091,1,False,True,False,1,False
PER2,360,213,0.0,0.000438,1,False,True,False,1,False
PER2,361,214,0.0,0.0,1,False,True,False,1,False
PER2,371,224,0.0,0.0,1,False,True,False,1,False
PER2,373,226,0.0,5e-05,0.996143,False,True,False,1,False
PER2,381,234,0.0,6.5e-05,1,False,True,False,1,False
PER2,388,241,0.0,9.4e-05,1,False,True,False,1,False
PER2,391,244,0.0,0.0,1,False,True,False,1,False
PER2,400,253,0.0,0.000937,1,False,True,False,1,False
PER2,404,257,0.0,1e-06,1,False,True,False,1,False
PER2,413,265,0.0,0.0,1,False,True,False,1,False
PER2,425,276,0.0,0.000243,1,False,True,False,1,False
PER2,426,277,0.0,5.3e-05,1,False,True,False,1,False
PER2,427,278,0.0,0.00022,1,False,True,False,1,False
PER2,435,285,0.0,0.0,1,False,True,False,1,False
PER2,447,297,0.0,0.0,1,False,True,False,1,False
PER2,455,305,0.0,0.0001,1,False,True,False,1,False
PER2,456,306,0.0,8e-06,1,False,True,False,1,False
PER2,488,338,0.0,6.2e-05,1,False,True,False,1,False
PER2,498,348,0.0,6.1e-05,1,False,True,False,1,False
PER2,513,363,0.0,0.000414,1,False,True,False,1,False
PER2,548,398,0.0,0.000245,1,False,True,False,1,False
PER2,586,436,0.0,0.000326,1,False,True,False,1,False
PER2,595,445,0.0,5.1e-05,1,False,True,False,1,False
PER2,596,446,0.0,5e-05,1,False,True,False,1,False
PER2,597,447,0.0,0.000326,1,False,True,False,1,False
PER2,606,453,0.0,6.9e-05,1,False,True,False,1,False
PER2,607,454,0.0,0.010084,1,False,True,False,1,False
PER2,614,461,0.0,5.9e-05,1,False,True,False,1,False
PER2,616,463,0.0,5.6e-05,1,False,True,False,1,False
PER2,657,504,0.0,0.000106,1,False,True,False,1,False
PER2,661,506,0.0,0.000571,1,False,True,False,1,False
PER2,663,508,0.0,0.001963,1,False,True,False,1,False
PER2,664,509,0.0,0.0,1,False,True,False,1,False
PER2,670,515,0.0,0.0,1,False,True,False,1,False
PER2,675,516,0.0,0.007321,1,False,True,False,1,False
PER2,676,517,0.0,0.0,1,False,True,False,1,False
PER2,678,519,0.0,0.000749,1,False,True,False,1,False
PER2,682,522,0.0,0.0,1,False,True,False,1,False
PER2,688,528,0.0,0.0,1,False,True,False,1,False
PER2,689,529,0.0,2e-05,1,False,True,False,1,False
PER2,691,531,0.0,2e-06,1,False,True,False,1,False
PER2,697,537,0.0,2e-06,1,False,True,False,1,False
PER2,699,539,0.0,0.0,1,False,True,False,1,False
PER2,701,541,0.0,0.020904,1,False,True,False,1,False
PER2,704,544,0.0,0.0,1,False,True,False,1,False
PER2,706,546,0.0,3e-06,1,False,True,False,1,False
PER2,713,553,0.0,0.0,1,False,True,False,1,False
PER2,723,562,0.0,0.044316,1,False,True,False,1,False
PER2,738,572,0.0,6.6e-05,1,False,True,False,1,False
PER2,745,579,0.0,0.000327,1,False,True,False,1,False
PER2,768,602,0.0,0.000377,1,False,True,False,1,False
PER2,774,608,0.0,5.3e-05,1,False,True,False,1,False
PER2,777,611,0.0,0.000172,1,False,True,False,1,False
PER2,788,622,0.0,0.000206,1,False,True,False,1,False
PER2,789,623,0.0,7.8e-05,1,False,True,False,1,False
PER2,794,628,0.0,0.000487,1,False,True,False,1,False
PER2,802,631,0.0,0.042584,1,False,True,False,1,False
PER2,826,640,0.0,0.0,1,False,True,False,1,False
PER2,832,646,0.0,0.0,1,False,True,False,1,False
PER2,833,647,0.0,3.7e-05,1,False,True,False,1,False
PER2,853,667,0.0,0.0,1,False,True,False,1,False
PER2,871,685,0.0,5.8e-05,1,False,True,False,1,False
PER2,891,692,0.0,5.7e-05,1,False,True,False,1,False
PER2,911,709,0.0,0.000234,1,False,True,False,1,False
PER2,912,710,0.0,0.000573,1,False,True,False,1,False
PER2,913,711,0.0,9.6e-05,1,False,True,False,1,False
PER2,914,712,0.0,0.003891,1,False,True,False,1,False
PER2,915,713,0.0,0.0,1,False,True,False,1,False
PER2,923,721,0.0,3.6e-05,1,False,True,False,1,False
PER2,945,743,0.0,0.002363,1,False,True,False,1,False
PER2,949,747,0.0,0.0,1,False,True,False,1,False
PER2,960,758,0.0,7e-05,1,False,True,False,1,False
PER2,961,759,0.0,0.000746,1,False,True,False,1,False
PER2,964,762,0.0,6.3e-05,1,False,True,False,1,False
PER2,968,766,0.0,0.000246,1,False,True,False,1,False
PER2,973,771,0.0,0.002134,1,False,True,False,1,False
PER2,975,773,0.0,0.0,1,False,True,False,1,False
PER2,978,776,0.0,0.018762,1,False,True,False,1,False
PER2,979,777,0.0,5.3e-05,1,False,True,False,1,False
PER2,985,782,0.0,0.001312,1,False,True,False,1,False
PER2,987,784,0.0,0.0,1,False,True,False,1,False
PER2,1003,800,0.0,6.5e-05,1,False,True,False,1,False
PER2,1010,807,0.0,6.3e-05,1,False,True,False,1,False
PER2,1014,811,0.0,4.1e-05,1,False,True,False,1,False
PER2,1016,813,0.0,6.4e-05,1,False,True,False,1,False
PER2,1036,833,0.0,5.6e-05,1,False,True,False,1,False
PER2,1037,834,0.0,0.000244,1,False,True,False,1,False
PER2,1046,843,0.0,0.0,1,False,True,False,1,False
PER2,1048,845,0.0,6.9e-05,1,False,True,False,1,False
PER2,1062,859,0.0,5.1e-05,1,False,True,False,1,False
PER2,1064,861,0.0,0.002115,1,False,True,False,1,False
PER2,1079,870,0.0,0.000481,1,False,True,False,1,False
PER2,1080,871,0.0,0.000162,1,False,True,False,1,False
PER2,1081,872,0.0,0.000608,1,False,True,False,1,False
PER2,1090,881,0.0,1.5e-05,1,False,True,False,1,False
PER2,1094,885,0.0,0.0,1,False,True,False,1,False
PER2,1096,887,0.0,0.0,1,False,True,False,1,False
PER2,1103,894,0.0,0.0,1,False,True,False,1,False
PER2,1106,897,0.0,0.000122,1,False,True,False,1,False
PER2,1107,898,0.0,6e-06,1,False,True,False,1,False
PER2,1131,920,0.0,0.0,1,False,True,False,1,False
PER2,1140,929,0.0,0.0,1,False,True,False,1,False
PER2,1151,940,0.0,0.0,1,False,True,False,1,False
PER2,1154,943,0.0,0.0,1,False,True,False,1,False
PER2,1157,946,0.0,0.0,1,False,True,False,1,False
PER2,1159,948,0.0,0.002369,1,False,True,False,1,False
PER2,1163,951,0.0,0.004916,1,False,True,False,1,False
PER2,1170,958,0.0,5.9e-05,1,False,True,False,1,False
PER2,1175,962,0.0,5.8e-05,1,False,True,False,1,False
PER2,1176,963,0.0,6e-05,1,False,True,False,1,False
PER2,1203,968,0.0,1e-06,1,False,True,False,1,False
PER2,1211,973,0.0,7e-06,1,False,True,False,1,False
PER2,1217,979,0.0,5.5e-05,1,False,True,False,1,False
PER2,1232,994,0.0,5.5e-05,1,False,True,False,1,False
PER2,1237,999,0.0,0.0,1,False,True,False,1,False
PER2,1241,1003,0.0,0.002664,1,False,True,False,1,False
PER2,1243,1005,0.0,0.0,1,False,True,False,1,False
PER2,1260,1015,0.0,0.0,1,False,True,False,1,False
PER2,1263,1018,0.0,0.0,1,False,True,False,1,False
PER2,1264,1019,0.0,6.6e-05,1,False,True,False,1,False
PER2,1268,1023,0.0,0.002094,1,False,True,False,1,False
PER2,1272,1027,0.0,0.0,1,False,True,False,1,False
PER2,1273,1028,0.0,2e-06,1,False,True,False,1,False
PER2,1285,1034,0.0,0.003253,1,False,True,False,1,False
PER2,1305,1036,0.0,0.0,1,False,True,False,1,False
PER2,1308,1039,0.0,0.0,1,False,True,False,1,False
PER2,1309,1040,0.0,1.2e-05,1,False,True,False,1,False
PER2,1311,1042,0.0,0.0,1,False,True,False,1,False
PER2,1312,1043,0.0,0.003559,1,False,True,False,1,False
PER2,1331,1062,0.0,0.0,1,False,True,False,1,False
PER2,1334,1065,0.0,0.0,1,False,True,False,1,False
PER2,1352,1075,0.0,0.000226,1,False,True,False,1,False
PER2,1358,1081,0.0,5.2e-05,1,False,True,False,1,False
PER2,1359,1082,0.0,5.9e-05,1,False,True,False,1,False
PER2,1362,1085,0.0,0.0,1,False,True,False,1,False
PER2,1385,1106,0.0,0.0,1,False,True,False,1,False
PER2,1391,1112,0.0,6.9e-05,1,False,True,False,1,False
PER2,1392,1113,0.0,6.4e-05,1,False,True,False,1,False
PER2,1395,1116,0.0,0.0,1,False,True,False,1,False
PER2,1396,1117,0.0,0.0,1,False,True,False,1,False
PER2,1397,1118,0.0,2e-06,1,False,True,False,1,False
PER2,1398,1119,0.0,0.0,1,False,True,False,1,False
PER2,1400,1121,0.0,0.0,1,False,True,False,1,False
PER2,1401,1122,0.0,0.0,1,False,True,False,1,False
PER2,1403,1124,0.0,0.001321,1,False,True,False,1,False
PER2,1427,1140,0.0,8.1e-05,1,False,True,False,1,False
PER2,1432,1145,0.0,7.5e-05,1,False,True,False,1,False
PER2,1433,1146,0.0,0.0,1,False,True,False,1,False
PER2,1435,1148,0.0,5.4e-05,1,False,True,False,1,False
PER2,1500,1171,0.0,0.003246,1,False,True,False,1,False
PER2,1502,1173,0.0,1e-05,1,False,True,False,1,False
PER2,1521,1192,0.0,8e-06,1,False,True,False,1,False
PER2,1525,1196,0.0,0.0,1,False,True,False,1,False
PER2,1538,1209,0.0,0.0,1,False,True,False,1,False
PER2,1542,1213,0.0,0.0,1,False,True,False,1,False
PER2,1579,1219,0.0,0.0,1,False,True,False,1,False
PER2,1593,1225,0.0,6.6e-05,1,False,True,False,1,False
PER2,1606,1226,0.0,5.8e-05,1,False,True,False,1,False
PER2,1660,1236,0.0,0.0,1,False,True,False,1,False
PER2,1674,1240,0.0,0.003438,1,False,True,False,1,False
PER2,1685,1251,0.0,0.001835,1,False,True,False,1,False
PER2,1686,1252,0.0,3e-06,1,False,True,False,1,False
PER3,305,,0.0,0.0,0.881852,False,True,False,1,False
PER3,306,,0.0,5.6e-05,1,False,True,False,1,False
PER3,308,,0.0,1e-06,0.920899,False,True,False,1,False
PER3,312,,0.0,6.4e-05,0.859724,False,True,False,1,False
PER3,313,17,0.0,1e-06,1,False,True,False,1,False
PER3,314,18,0.0,0.005744,1,False,True,False,1,False
PER3,315,19,0.0,3.7e-05,0.859852,False,True,False,1,False
PER3,339,40,0.0,0.000479,1,False,True,False,1,False
PER3,348,49,0.0,1e-06,0.912899,False,True,False,1,False
PER3,355,56,0.0,0.01601,1,False,True,False,1,False
PER3,368,69,0.0,4.3e-05,0.802794,False,True,False,1,False
PER3,378,77,0.0,4.4e-05,0.913916,False,True,False,1,False
PER3,386,85,0.0,0.0,1,False,True,False,1,False
PER3,389,88,0.0,0.000195,1,False,True,False,1,False
PER3,396,95,0.0,4.3e-05,0.864005,False,True,False,1,False
PER3,401,100,0.0,5.5e-05,1,False,True,False,1,False
PER3,405,103,0.0,0.000993,1,False,True,False,1,False
PER3,407,105,0.0,0.000137,1,False,True,False,1,False
PER3,409,107,0.0,0.000209,1,False,True,False,1,False
PER3,410,108,0.0,4.2e-05,1,False,True,False,1,False
PER3,412,109,0.0,0.0,1,False,True,False,1,False
PER3,413,110,0.0,0.0,1,False,True,False,1,False
PER3,422,119,0.0,4.5e-05,1,False,True,False,1,False
PER3,424,121,0.0,0.0,1,False,True,False,1,False
PER3,468,165,0.0,0.000197,0.932015,False,True,False,1,False
PER3,488,185,0.0,2e-06,1,False,True,False,1,False
PER3,496,193,0.0,0.0,1,False,True,False,1,False
PER3,500,197,0.0,0.000421,1,False,True,False,1,False
PER3,504,198,0.0,0.000208,0.899107,False,True,False,1,False
PER3,506,200,0.0,6e-05,0.876541,False,True,False,1,False
PER3,512,206,0.0,0.000208,0.851406,False,True,False,1,False
PER3,521,215,0.0,6.6e-05,1,False,True,False,1,False
PER3,531,224,0.0,1e-06,1,False,True,False,1,False
PER3,533,226,0.0,0.000399,1,False,True,False,1,False
PER3,538,231,0.0,0.0,1,False,True,False,1,False
PER3,544,237,0.0,0.000475,0.871083,False,True,False,1,False
PER3,545,238,0.0,0.0,1,False,True,False,1,False
PER3,547,240,0.0,0.001151,1,False,True,False,1,False
PER3,570,259,0.0,1.9e-05,0.95124,False,True,False,1,False
PER3,575,264,0.0,5.1e-05,1,False,True,False,1,False
PER3,588,270,0.0,8.3e-05,0.782195,False,True,False,1,False
PER3,625,291,0.0,6.1e-05,0.77872,False,True,False,1,False
PER3,629,295,0.0,5.1e-05,1,False,True,False,1,False
PER3,638,304,0.0,1.6e-05,1,False,True,False,1,False
PER3,645,311,0.0,0.0,1,False,True,False,1,False
PER3,656,322,0.0,6e-05,1,False,True,False,1,False
PER3,673,339,0.0,5e-05,1,False,True,False,1,False
PER3,686,352,0.0,0.001363,1,False,True,False,1,False
PER3,696,362,0.0,5.8e-05,1,False,True,False,1,False
PER3,699,365,0.0,4.8e-05,0.92076,False,True,False,1,False
PER3,702,368,0.0,5.9e-05,1,False,True,False,1,False
PER3,719,384,0.0,4.9e-05,1,False,True,False,1,False
PER3,725,390,0.0,8.7e-05,1,False,True,False,1,False
PER3,726,391,0.0,6e-06,1,False,True,False,1,False
PER3,727,392,0.0,4.2e-05,0.874626,False,True,False,1,False
PER3,730,395,0.0,0.000388,0.749587,False,True,False,1,False
PER3,745,409,0.0,0.0,1,False,True,False,1,False
PER3,795,421,0.0,0.0,0.930934,False,True,False,1,False
PER3,796,422,0.0,1e-06,1,False,True,False,1,False
PER3,798,424,0.0,8.7e-05,1,False,True,False,1,False
PER3,801,427,0.0,8.5e-05,1,False,True,False,1,False
PER3,803,429,0.0,4e-05,0.916543,False,True,False,1,False
PER3,805,431,0.0,2.3e-05,1,False,True,False,1,False
PER3,960,458,0.0,5.8e-05,0.859435,False,True,False,1,False
PER3,961,459,0.0,4.9e-05,0.904441,False,True,False,1,False
PER3,962,460,0.0,0.0,1,False,True,False,1,False
PER3,963,461,0.0,5.5e-05,0.856847,False,True,False,1,False
PER3,967,465,0.0,4.8e-05,0.898205,False,True,False,1,False
PER3,969,467,0.0,0.000199,1,False,True,False,1,False
PER3,972,470,0.0,0.000599,0.869768,False,True,False,1,False
PER3,973,471,0.0,4.7e-05,0.925393,False,True,False,1,False
PER3,981,479,0.0,0.000117,0.914586,False,True,False,1,False
PER3,988,486,0.0,3.9e-05,1,False,True,False,1,False
PER3,989,487,0.0,0.006162,0.777716,False,True,False,1,False
PER3,990,488,0.0,7.6e-05,1,False,True,False,1,False
PER3,1028,513,0.0,0.0,1,False,True,False,1,False
PER3,1029,514,0.0,0.0,1,False,True,False,1,False
PER3,1031,516,0.0,0.0,1,False,True,False,1,False
PER3,1036,521,0.0,0.0,1,False,True,False,1,False
PER3,1037,522,0.0,0.000329,1,False,True,False,1,False
PER3,1039,524,0.0,9.5e-05,1,False,True,False,1,False
PER3,1058,533,0.0,5.7e-05,0.862255,False,True,False,1,False
PER3,1060,535,0.0,0.000388,1,False,True,False,1,False
PER3,1061,536,0.0,0.0,1,False,True,False,1,False
PER3,1064,539,0.0,0.001839,1,False,True,False,1,False
PER3,1089,556,0.0,0.0,1,False,True,False,1,False
PER3,1095,562,0.0,4.5e-05,1,False,True,False,1,False
PER3,1106,572,0.0,5.7e-05,0.91034,False,True,False,1,False
PER3,1107,573,0.0,4.5e-05,1,False,True,False,1,False
PER3,1108,574,0.0,0.000115,1,False,True,False,1,False
PER3,1210,597,0.0,2.4e-05,1,False,True,False,1,False
PER3,1228,615,0.0,0.000206,0.869912,False,True,False,1,False
PER3,1232,619,0.0,0.002586,1,False,True,False,1,False
PER3,1236,622,0.0,0.000108,1,False,True,False,1,False
PER3,1241,627,0.0,0.0,0.862239,False,True,False,1,False
PER3,1242,628,0.0,0.0,0.846944,False,True,False,1,False
PER3,1245,631,0.0,0.001506,0.923233,False,True,False,1,False
PER3,1248,634,0.0,0.000264,0.766519,False,True,False,1,False
PER3,1249,635,0.0,0.043406,1,False,True,False,1,False
PER3,1252,638,0.0,3.5e-05,0.885589,False,True,False,1,False
PER3,1257,643,0.0,5.3e-05,0.921127,False,True,False,1,False
PER3,1259,645,0.0,0.000218,1,False,True,False,1,False
PER3,1268,651,0.0,0.000262,1,False,True,False,1,False
PER3,1275,,0.0,0.000326,1,False,True,False,1,False
PER3,1279,654,0.0,8e-06,0.770028,False,True,False,1,False
PER3,1290,660,0.0,0.0,1,False,True,False,1,False
PER3,1295,665,0.0,1.4e-05,0.86395,False,True,False,1,False
PER3,1313,676,0.0,0.000362,1,False,True,False,1,False
PER3,1317,680,0.0,0.007058,0.889301,False,True,False,1,False
PER3,1325,687,0.0,4.6e-05,0.839861,False,True,False,1,False
PER3,1329,691,0.0,5.1e-05,1,False,True,False,1,False
PER3,1335,697,0.0,0.0,0.840188,False,True,False,1,False
PER3,1341,703,0.0,0.000339,0.882326,False,True,False,1,False
PER3,1342,704,0.0,4.7e-05,1,False,True,False,1,False
PER3,1354,716,0.0,2e-06,0.984595,False,True,False,1,False
PER3,1355,717,0.0,0.001037,1,False,True,False,1,False
PER3,1390,737,0.0,0.0,0.996122,False,True,False,1,False
PER3,1391,738,0.0,1e-06,1,False,True,False,1,False
PER3,1392,739,0.0,2e-06,1,False,True,False,1,False
PER3,1396,743,0.0,0.0,1,False,True,False,1,False
PER3,1401,748,0.0,0.0,1,False,True,False,1,False
PER3,1402,749,0.0,1e-06,1,False,True,False,1,False
PER3,1403,750,0.0,0.000881,1,False,True,False,1,False
PER3,1437,783,0.0,0.005354,1,False,True,False,1,False
PER3,1439,785,0.0,0.0,1,False,True,False,1,False
PER3,1466,799,0.0,0.0,1,False,True,False,1,False
PER3,1474,807,0.0,0.0,0.875427,False,True,False,1,False
PER3,1482,814,0.0,0.0,0.873817,False,True,False,1,False
PER3,1525,844,0.0,1e-06,0.791445,False,True,False,1,False
PER3,1533,852,0.0,0.0,1,False,True,False,1,False
PER3,1538,857,0.0,0.000131,0.89276,False,True,False,1,False
PER3,1539,858,0.0,6.8e-05,1,False,True,False,1,False
PER3,1543,862,0.0,0.0,0.950903,False,True,False,1,False
PER3,1544,863,0.0,0.001235,0.839948,False,True,False,1,False
PER3,1551,870,0.0,0.000361,0.852457,False,True,False,1,False
PER3,1559,877,0.0,0.000114,0.817275,False,True,False,1,False
PER3,1568,886,0.0,8.9e-05,1,False,True,False,1,False
PER3,1573,889,0.0,5.9e-05,1,False,True,False,1,False
PER3,1575,891,0.0,0.0,1,False,True,False,1,False
PER3,1580,896,0.0,0.0,1,False,True,False,1,False
PER3,1582,898,0.0,0.034849,0.891145,False,True,False,1,False
PER3,1623,928,0.0,5.2e-05,1,False,True,False,1,False
PER3,1627,932,0.0,4.8e-05,1,False,True,False,1,False
PER3,1636,940,0.0,5e-05,0.763461,False,True,False,1,False
PER3,1638,942,0.0,2.2e-05,1,False,True,False,1,False
PER3,1695,969,0.0,0.0,1,False,True,False,1,False
PER3,1820,1058,0.0,0.000262,0.860625,False,True,False,1,False
PER3,1822,1060,0.0,1e-06,0.767829,False,True,False,1,False
PER3,1823,1061,0.0,0.0,0.753905,False,True,False,1,False
PER3,1870,1074,0.0,4.6e-05,0.77829,False,True,False,1,False
PER3,1879,1083,0.0,0.000137,0.865078,False,True,False,1,False
PER3,1880,1084,0.0,1e-06,0.82962,False,True,False,1,False
PER3,1883,1087,0.0,0.0,1,False,True,False,1,False
PER3,1884,1088,0.0,5.4e-05,1,False,True,False,1,False
PER3,1885,1089,0.0,2e-06,1,False,True,False,1,False
PER3,1890,1094,0.0,0.0,0.941346,False,True,False,1,False
PER3,1893,1097,0.0,1e-06,0.873124,False,True,False,1,False
PER3,1894,1098,0.0,0.002157,1,False,True,False,1,False
PER3,1900,1103,0.0,6.6e-05,1,False,True,False,1,False
PER3,1912,1115,0.0,0.0,1,False,True,False,1,False
PER3,1919,1122,0.0,9e-06,1,False,True,False,1,False
PER3,1924,1127,0.0,0.000208,0.867221,False,True,False,1,False
PER3,1932,1132,0.0,0.0,0.689392,False,True,False,1,False
PER3,1937,1137,0.0,9.7e-05,1,False,True,False,1,False
PER3,1941,1141,0.0,1e-06,1,False,True,False,1,False
PER3,1944,1144,0.0,0.0,1,False,True,False,1,False
PER3,1947,1147,0.0,0.000346,1,False,True,False,1,False
PER3,1951,1151,0.0,0.0,1,False,True,False,1,False
PER3,1956,1156,0.0,0.000386,1,False,True,False,1,False
PER3,1961,1161,0.0,4.3e-05,0.862861,False,True,False,1,False
PER3,1964,1164,0.0,5.4e-05,0.919049,False,True,False,1,False
PER3,1967,1167,0.0,8.2e-05,1,False,True,False,1,False
PER3,1969,1169,0.0,0.0,0.985084,False,True,False,1,False
PER3,1975,1175,0.0,0.000362,1,False,True,False,1,False
PER3,1977,1177,0.0,5.3e-05,0.920033,False,True,False,1,False
PER3,1979,1179,0.0,0.0,1,False,True,False,1,False
PER3,1981,1181,0.0,0.000132,0.881078,False,True,False,1,False
RORA,121,58,0.0,0.014271,1,False,True,False,1,False
RORA,122,59,0.0,0.01704,1,False,True,False,1,False
RORA,252,188,0.0,0.000194,1,False,True,False,1,False
RORA,312,248,0.0,9.7e-05,1,False,True,False,1,False
RORA,372,308,0.0,0.000673,1,False,True,False,1,False
RORA,374,310,0.0,6.5e-05,1,False,True,False,1,False
RORB,207,3,0.0,0.000263,1,False,True,False,1,False
RORB,328,124,0.0,0.001588,1,False,True,False,1,False
RORB,394,190,0.0,6.6e-05,1,False,True,False,1,False
RORB,642,436,0.0,8.8e-05,1,False,True,False,1,False
RORB,663,457,0.0,0.000132,1,False,True,False,1,False
RORC,58,3,0.0,0.000238,1,False,True,False,1,False
RORC,151,4,0.0,0.0,1,False,True,False,1,False
RORC,197,9,0.0,0.0,1,False,True,False,1,False
RORC,227,13,0.0,6.8e-05,1,False,True,False,1,False
RORC,228,14,0.0,0.030808,1,False,True,False,1,False
RORC,231,17,0.0,0.0,1,False,True,False,1,False
RORC,235,18,0.0,0.000142,1,False,True,False,1,False
RORC,240,23,0.0,0.001638,1,False,True,False,1,False
RORC,281,64,0.0,6.8e-05,1,False,True,False,1,False
RORC,285,68,0.0,6.8e-05,1,False,True,False,1,False
RORC,392,131,0.0,0.001902,1,False,True,False,1,False
RORC,393,132,0.0,8.6e-05,1,False,True,False,1,False
RORC,396,135,0.0,0.0,1,False,True,False,1,False
RORC,400,139,0.0,5.3e-05,1,False,True,False,1,False
RORC,412,151,0.0,3.3e-05,1,False,True,False,1,False
RORC,414,153,0.0,7.7e-05,1,False,True,False,1,False
RORC,430,169,0.0,6.3e-05,1,False,True,False,1,False
RORC,431,170,0.0,5.6e-05,1,False,True,False,1,False
RORC,436,175,0.0,7.2e-05,1,False,True,False,1,False
RORC,439,178,0.0,0.004183,1,False,True,False,1,False
RORC,443,182,0.0,0.000758,1,False,True,False,1,False
RORC,446,184,0.0,0.0,1,False,True,False,1,False
RORC,447,185,0.0,0.000144,1,False,True,False,1,False
RORC,457,195,0.0,0.0,1,False,True,False,1,False
RORC,458,196,0.0,0.001463,1,False,True,False,1,False
RORC,460,198,0.0,0.00011,1,False,True,False,1,False
RORC,465,203,0.0,0.00053,1,False,True,False,1,False
RORC,470,208,0.0,8.1e-05,1,False,True,False,1,False
RORC,471,209,0.0,0.0,1,False,True,False,1,False
RORC,480,218,0.0,0.000122,1,False,True,False,1,False
RORC,484,222,0.0,0.0,1,False,True,False,1,False
RORC,487,225,0.0,0.0,1,False,True,False,1,False
RORC,489,227,0.0,0.00058,1,False,True,False,1,False
RORC,490,228,0.0,0.000126,1,False,True,False,1,False
RORC,491,229,0.0,0.0,1,False,True,False,1,False
RORC,498,236,0.0,9.2e-05,1,False,True,False,1,False
RORC,503,241,0.0,7.4e-05,1,False,True,False,1,False
RORC,532,270,0.0,0.000233,1,False,True,False,1,False
RORC,538,276,0.0,9e-05,1,False,True,False,1,False
RORC,545,283,0.0,9.6e-05,1,False,True,False,1,False
RORC,568,306,0.0,0.000363,1,False,True,False,1,False
RORC,588,318,0.0,7.1e-05,1,False,True,False,1,False
RORC,642,372,0.0,0.000359,1,False,True,False,1,False
RORC,694,424,0.0,5.8e-05,1,False,True,False,1,False
RORC,697,427,0.0,6e-05,1,False,True,False,1,False
RORC,714,444,0.0,0.000143,1,False,True,False,1,False
RORC,725,455,0.0,5.4e-05,1,False,True,False,1,False
RORC,727,457,0.0,6.5e-05,1,False,True,False,1,False
RORC,731,461,0.0,7.4e-05,1,False,True,False,1,False
RORC,735,465,0.0,5.6e-05,1,False,True,False,1,False
RORC,786,514,0.0,0.0,1,False,True,False,1,False
