gene,K,p_value,direction,LRT,q_value
NPAS2,0.3520619717427991,4.843485456040852e-07,relaxed,25.32516420708998,4.359136910436767e-06
CRY1,1.265031503679035,0.01321273190051431,intensified,6.140401373508212,0.0594572935523144
PER1,1.077231921793588,0.1135357337586225,intensified,2.504302623463445,0.34060720127586747
RORB,1.230184821295381,0.2001364051123362,intensified,1.641378735614126,0.4503069115027565
NR1D1,1.047546677196585,0.3689702322766351,intensified,0.8071296545531368,0.6641464180979433
NR1D2,0.8950393733554055,0.5075067887956253,relaxed,0.4392042323670466,0.7612601831934379
CLOCK,0.9832391654742336,0.6695243825935205,relaxed,0.1821589711471461,0.8608170633345263
RORC,0.9894820869415623,0.9051599043077765,relaxed,0.01419570411962923,1.0
ARNTL,1,1,relaxed,0,1.0
